,prediction,real,r2,mae,rmse,mape
0,-1.3682121,1.25,0.9046252369880676,46.646446,88.61022,435.71152687072754
1,-1.3682121,1.22,,,,
2,-1.3682121,1.21,,,,
3,-1.3682121,1.21,,,,
4,-1.3682121,1.25,,,,
5,-1.3682121,1.22,,,,
6,-1.3682121,1.24,,,,
7,-1.3682121,1.24,,,,
8,-1.3682121,1.22,,,,
9,-1.3682121,1.22,,,,
10,-1.3682121,1.21,,,,
11,-1.3682121,1.25,,,,
12,-1.3682121,1.23,,,,
13,-1.3682121,1.24,,,,
14,-1.3682121,1.19,,,,
15,-1.3682121,1.23,,,,
16,-1.3682121,1.24,,,,
17,-1.3682121,1.22,,,,
18,-1.3682121,1.1800001,,,,
19,-1.3682121,1.23,,,,
20,-1.3682121,1.24,,,,
21,-1.3682121,1.23,,,,
22,-1.3682121,1.1800001,,,,
23,-1.3682121,1.2,,,,
24,-1.3682121,1.23,,,,
25,1.1096424,1.2,,,,
26,-0.7181028,1.21,,,,
27,-0.17054701,1.21,,,,
28,-0.24761117,1.26,,,,
29,-4.2772627,1.22,,,,
30,-0.06627679,1.22,,,,
31,-0.15402305,1.21,,,,
32,-0.8178903,1.21,,,,
33,-0.5456623,1.23,,,,
34,-0.9913322,1.26,,,,
35,-5.2701783,1.22,,,,
36,-4.1530113,1.23,,,,
37,-4.044568,1.22,,,,
38,-2.489409,1.24,,,,
39,-5.708576,1.23,,,,
40,-4.333797,1.2,,,,
41,-5.2300014,1.22,,,,
42,-7.098472,1.23,,,,
43,-8.616507,1.21,,,,
44,-7.454703,1.22,,,,
45,-4.4505615,1.22,,,,
46,-0.8610958,1.22,,,,
47,-1.0996083,1.23,,,,
48,-1.3682121,1.24,,,,
49,-1.3682121,1.23,,,,
50,-1.3682121,1.2,,,,
51,-1.3682121,1.2,,,,
52,-1.3682121,1.24,,,,
53,-1.3682121,1.24,,,,
54,2.5346847,1.27,,,,
55,10.076929,1.23,,,,
56,12.078402,1.23,,,,
57,24.86282,1.2,,,,
58,29.217394,1.76,,,,
59,33.66917,3.2800002,,,,
60,41.72374,5.5800004,,,,
61,43.033665,7.7100005,,,,
62,51.670185,10.24,,,,
63,57.92864,12.37,,,,
64,60.09187,14.110001,,,,
65,55.086758,15.56,,,,
66,60.427475,16.69,,,,
67,63.3768,17.630001,,,,
68,55.357723,18.640001,,,,
69,74.21155,19.51,,,,
70,136.51106,20.260002,,,,
71,159.6438,20.920002,,,,
72,194.63249,21.6,,,,
73,176.4599,22.6,,,,
74,173.86719,94.57,,,,
75,141.28876,242.85,,,,
76,255.57597,268.1,,,,
77,315.57758,292.15997,,,,
78,332.3599,317.94998,,,,
79,353.11557,338.31,,,,
80,386.66647,358.19998,,,,
81,413.34793,377.08002,,,,
82,432.851,394.94,,,,
83,460.37537,413.99997,,,,
84,476.241,430.56,,,,
85,504.16803,448.04,,,,
86,523.32007,464.68,,,,
87,530.2957,482.86002,,,,
88,521.5599,499.24,,,,
89,541.13715,515.98,,,,
90,570.8781,533.2,,,,
91,568.9087,548.09,,,,
92,618.1092,563.68,,,,
93,604.28973,579.31,,,,
94,604.4791,593.8,,,,
95,643.00354,609.61,,,,
96,662.465,623.60004,,,,
97,696.20874,638.02,,,,
98,705.8306,651.51,,,,
99,688.31433,665.1,,,,
100,723.5388,677.48,,,,
101,738.7617,691.0,,,,
102,728.0155,703.07,,,,
103,750.6396,714.99,,,,
104,730.36096,725.95996,,,,
105,789.7566,734.89996,,,,
106,781.2555,745.61,,,,
107,781.0966,755.01,,,,
108,808.1917,764.55,,,,
109,814.5259,773.57996,,,,
110,820.9714,781.78,,,,
111,819.69037,790.54,,,,
112,836.9985,797.68,,,,
113,857.95514,803.41003,,,,
114,849.96765,809.20996,,,,
115,844.3014,815.18994,,,,
116,854.777,820.62006,,,,
117,856.98676,825.24,,,,
118,887.1995,828.63,,,,
119,852.0851,832.35,,,,
120,851.1016,835.45,,,,
121,843.8308,839.53,,,,
122,859.5227,840.9,,,,
123,858.55475,843.52,,,,
124,867.63324,844.47003,,,,
125,873.56696,846.35,,,,
126,865.6721,846.19995,,,,
127,859.6922,847.11,,,,
128,853.72974,847.07,,,,
129,870.74567,844.86005,,,,
130,879.8508,842.63007,,,,
131,866.8108,840.99994,,,,
132,878.6329,837.26996,,,,
133,865.27325,833.88,,,,
134,884.2324,832.05994,,,,
135,841.6427,827.83,,,,
136,884.4047,820.64996,,,,
137,807.4808,817.13,,,,
138,842.953,810.36,,,,
139,836.7905,804.55,,,,
140,840.0735,798.11,,,,
141,833.7176,790.82,,,,
142,813.6608,782.64,,,,
143,824.7105,772.62,,,,
144,800.3571,763.64,,,,
145,775.85144,754.62,,,,
146,775.5437,744.19,,,,
147,772.6566,734.86,,,,
148,770.5103,723.74,,,,
149,774.5087,712.81,,,,
150,755.85315,702.27,,,,
151,731.79083,689.62,,,,
152,715.22797,678.08,,,,
153,702.175,667.73,,,,
154,693.7277,654.81,,,,
155,701.8968,637.93,,,,
156,691.0732,625.77,,,,
157,676.29156,613.42,,,,
158,633.3559,596.93,,,,
159,633.1173,583.64996,,,,
160,602.0387,568.58,,,,
161,585.05505,551.66,,,,
162,573.1811,536.66003,,,,
163,543.3955,520.63995,,,,
164,536.81464,502.09,,,,
165,502.59506,487.88,,,,
166,496.7528,468.57996,,,,
167,492.0105,450.90997,,,,
168,506.20523,435.7,,,,
169,406.13824,416.41,,,,
170,396.46173,399.00998,,,,
171,372.9628,378.5,,,,
172,358.6855,360.44,,,,
173,345.62253,342.75998,,,,
174,331.18414,320.22,,,,
175,291.40784,297.41,,,,
176,249.49008,272.63998,,,,
177,234.08267,246.68001,,,,
178,198.63753,221.62001,,,,
179,197.65924,194.83,,,,
180,179.85594,168.87001,,,,
181,139.55692,145.31,,,,
182,129.90663,120.5,,,,
183,74.784195,99.64,,,,
184,86.879234,78.34,,,,
185,63.904636,59.149998,,,,
186,61.96325,42.1,,,,
187,57.4875,29.9,,,,
188,53.55662,16.410002,,,,
189,38.64728,11.509999,,,,
190,35.99806,9.589999,,,,
191,41.476715,7.5099998,,,,
192,47.987034,5.3900003,,,,
193,44.77898,3.5100002,,,,
194,30.012785,2.03,,,,
195,41.970135,1.2,,,,
196,31.75772,1.22,,,,
197,18.58834,1.22,,,,
198,26.6419,1.21,,,,
199,9.793685,1.25,,,,
200,2.7974226,1.28,,,,
201,8.947172,1.2,,,,
202,1.4966797,1.23,,,,
203,-1.3682121,1.27,,,,
204,-1.3682121,1.24,,,,
205,-1.3682121,1.29,,,,
206,-1.3682121,1.22,,,,
207,-1.3682121,1.23,,,,
208,-1.3682121,1.2,,,,
209,-1.3682121,1.21,,,,
210,-1.3682121,1.26,,,,
211,-1.3682121,1.22,,,,
212,-1.3682121,1.23,,,,
213,-1.3682121,1.23,,,,
214,-1.3682121,1.25,,,,
215,-1.3682121,1.25,,,,
216,-1.3682121,1.22,,,,
217,-1.3682121,1.26,,,,
218,-1.3682121,1.19,,,,
219,-1.3682121,1.23,,,,
220,-1.3682121,1.23,,,,
221,-1.3682121,1.24,,,,
222,-1.3682121,1.24,,,,
223,-1.3682121,1.23,,,,
224,-1.3682121,1.21,,,,
225,-1.3682121,1.21,,,,
226,-1.3682121,1.23,,,,
227,-1.3682121,1.2,,,,
228,-1.3682121,1.2,,,,
229,-1.3682121,1.24,,,,
230,-1.3682121,1.22,,,,
231,-1.3682121,1.24,,,,
232,-1.3682121,1.27,,,,
233,-1.3682121,1.2,,,,
234,-1.3682121,1.23,,,,
235,-1.3682121,1.22,,,,
236,-1.3682121,1.24,,,,
237,-1.3682121,1.22,,,,
238,-1.3682121,1.24,,,,
239,-1.3682121,1.24,,,,
240,-1.3682121,1.22,,,,
241,-1.3682121,1.22,,,,
242,-1.3682121,1.24,,,,
243,-1.3682121,1.24,,,,
244,-1.3682121,1.23,,,,
245,-1.3682121,1.24,,,,
246,-1.3682121,1.1800001,,,,
247,-1.3682121,1.24,,,,
248,-1.3682121,1.23,,,,
249,-1.3682121,1.22,,,,
250,-1.3682121,1.22,,,,
251,-1.3682121,1.23,,,,
252,-1.3682121,1.22,,,,
253,-1.3682121,1.23,,,,
254,-1.3682121,1.23,,,,
255,-1.3682121,1.22,,,,
256,-1.3682121,1.2,,,,
257,-1.3682121,1.2,,,,
258,-1.3682121,1.22,,,,
259,-1.3682121,1.24,,,,
260,-1.3682121,1.22,,,,
261,-1.3682121,1.2,,,,
262,-1.3682121,1.22,,,,
263,-1.3682121,1.22,,,,
264,-1.3682121,1.23,,,,
265,-1.3682121,1.21,,,,
266,-1.3682121,1.23,,,,
267,-1.3682121,1.25,,,,
268,-1.3682121,1.22,,,,
269,-1.3682121,1.24,,,,
270,-1.3682121,1.22,,,,
271,-1.3682121,1.24,,,,
272,-1.3682121,1.22,,,,
273,-1.3682121,1.23,,,,
274,-1.3682121,1.22,,,,
275,-1.3682121,1.24,,,,
276,-1.3682121,1.24,,,,
277,-1.3682121,1.2,,,,
278,-1.3682121,1.19,,,,
279,-1.3682121,1.24,,,,
280,-1.3682121,1.23,,,,
281,-1.3682121,1.22,,,,
282,-1.3682121,1.24,,,,
283,-1.3682121,1.24,,,,
284,-1.3682121,1.24,,,,
285,-1.3682121,1.22,,,,
286,-1.3682121,1.19,,,,
287,-1.3682121,1.23,,,,
288,-1.3682121,1.21,,,,
289,-1.3682121,1.2,,,,
290,-1.3682121,1.22,,,,
291,-1.3682121,1.21,,,,
292,-1.0401174,1.23,,,,
293,-5.1559653,1.2,,,,
294,-6.739952,1.23,,,,
295,-6.7191124,1.23,,,,
296,-3.4348989,1.22,,,,
297,-5.1636434,1.22,,,,
298,-4.3226857,1.23,,,,
299,-5.791458,1.23,,,,
300,-6.712317,1.22,,,,
301,-4.62274,1.2,,,,
302,-3.6921287,1.1800001,,,,
303,-3.3456025,1.21,,,,
304,-0.9050404,1.26,,,,
305,-2.9475255,1.19,,,,
306,-1.3682121,1.22,,,,
307,-4.1861544,1.23,,,,
308,-1.3682121,1.24,,,,
309,-2.911664,1.24,,,,
310,3.2952394,1.21,,,,
311,-3.9599457,1.23,,,,
312,-3.48881,1.23,,,,
313,4.0885563,1.22,,,,
314,-0.47906578,1.24,,,,
315,2.5465827,1.21,,,,
316,2.977374,1.21,,,,
317,-1.1509207,1.23,,,,
318,3.3370862,1.21,,,,
319,-5.551372,1.22,,,,
320,-5.4353943,1.21,,,,
321,-8.679073,1.21,,,,
322,-6.388037,1.24,,,,
323,-2.1696358,1.21,,,,
324,-4.2107854,1.23,,,,
325,-2.4149914,1.2,,,,
326,22.25244,1.22,,,,
327,29.063242,1.21,,,,
328,18.04732,1.21,,,,
329,5.537753,1.25,,,,
330,2.6543581,1.24,,,,
331,24.704231,1.2,,,,
332,57.939537,1.23,,,,
333,-3.933455,1.22,,,,
334,-4.92463,1.21,,,,
335,-3.894589,1.25,,,,
336,-8.561427,1.19,,,,
337,-5.25592,1.23,,,,
338,-2.779687,1.23,,,,
339,-1.3682121,1.22,,,,
340,-1.3682121,1.23,,,,
341,3.8866925,1.24,,,,
342,21.655144,1.22,,,,
343,27.974855,1.2,,,,
344,29.025139,1.22,,,,
345,39.537167,1.25,,,,
346,54.09968,1.91,,,,
347,60.55287,3.4099998,,,,
348,75.52925,5.33,,,,
349,72.87786,7.4600005,,,,
350,77.19902,9.469999,,,,
351,93.719864,11.549999,,,,
352,97.28945,13.299999,,,,
353,87.07213,14.87,,,,
354,71.72722,16.28,,,,
355,91.70568,17.44,,,,
356,110.811584,18.510002,,,,
357,147.88245,19.53,,,,
358,166.99426,20.230001,,,,
359,170.46765,20.98,,,,
360,196.04063,21.640001,,,,
361,189.72809,22.37,,,,
362,154.68362,107.29,,,,
363,159.36629,249.83,,,,
364,231.19577,275.68997,,,,
365,294.54007,300.41998,,,,
366,341.09683,325.24,,,,
367,367.23328,347.4,,,,
368,385.4754,366.75998,,,,
369,428.62027,386.88998,,,,
370,432.76437,403.80997,,,,
371,453.7274,422.66,,,,
372,501.0233,440.66998,,,,
373,521.5127,458.98996,,,,
374,523.2663,476.63998,,,,
375,510.2817,492.3,,,,
376,501.53418,527.48,,,,
377,535.966,543.48,,,,
378,591.8555,558.74,,,,
379,597.6813,576.01,,,,
380,627.59753,591.45996,,,,
381,624.83014,607.3,,,,
382,657.9457,622.03,,,,
383,672.91583,634.4,,,,
384,700.0146,648.01,,,,
385,734.16315,663.6,,,,
386,729.57513,674.73,,,,
387,725.5313,688.53,,,,
388,727.4765,700.43,,,,
389,776.31366,711.99,,,,
390,756.60535,724.66,,,,
391,792.5059,735.07,,,,
392,781.0573,746.92,,,,
393,803.9101,757.72,,,,
394,803.0361,767.86,,,,
395,800.6332,777.13,,,,
396,815.1568,785.14,,,,
397,820.01306,792.95,,,,
398,824.03595,799.73,,,,
399,834.81384,808.01,,,,
400,821.9896,813.38,,,,
401,833.26544,818.9899,,,,
402,824.5194,824.49005,,,,
403,854.94714,830.02,,,,
404,852.6738,834.64996,,,,
405,853.0456,837.16003,,,,
406,822.143,839.75995,,,,
407,844.55853,845.33997,,,,
408,840.3806,832.77,,,,
409,883.138,850.41,,,,
410,852.1856,850.71,,,,
411,870.59924,854.07996,,,,
412,867.7092,852.45,,,,
413,889.09656,858.97003,,,,
414,883.924,856.10004,,,,
415,875.3421,856.50995,,,,
416,908.59216,854.18,,,,
417,881.68494,854.58,,,,
418,916.4192,855.29004,,,,
419,904.00214,851.96,,,,
420,891.4244,848.52,,,,
421,903.60004,845.78,,,,
422,862.00977,842.52997,,,,
423,880.89087,836.63,,,,
424,888.0051,832.23,,,,
425,866.84265,827.04,,,,
426,899.4208,821.28,,,,
427,874.76215,813.94995,,,,
428,847.1883,804.14996,,,,
429,842.7278,798.32,,,,
430,832.38385,789.14996,,,,
431,834.0302,784.08997,,,,
432,840.9319,770.97,,,,
433,804.3779,763.79004,,,,
434,822.49713,752.47,,,,
435,812.48956,741.52997,,,,
436,814.1847,732.74,,,,
437,827.38556,722.80005,,,,
438,779.7083,708.27,,,,
439,790.2452,697.04,,,,
440,783.28125,684.83,,,,
441,753.3914,672.31,,,,
442,751.728,657.33997,,,,
443,703.6597,642.39,,,,
444,699.2311,628.85,,,,
445,673.2056,613.07,,,,
446,640.9259,597.25,,,,
447,636.4381,583.4,,,,
448,612.8617,567.47003,,,,
449,610.7207,551.85,,,,
450,598.76086,534.77997,,,,
451,572.08093,518.5,,,,
452,538.4457,502.27997,,,,
453,534.9562,483.19,,,,
454,472.9185,465.88,,,,
455,511.7841,448.62,,,,
456,419.59644,428.56,,,,
457,417.2524,411.26,,,,
458,365.38092,392.06,,,,
459,402.65048,374.03,,,,
460,345.18222,355.38998,,,,
461,292.39963,333.69998,,,,
462,295.5885,310.35,,,,
463,296.9719,286.16998,,,,
464,259.30814,260.78,,,,
465,276.94574,234.04,,,,
466,194.65736,205.26001,,,,
467,203.23135,179.62,,,,
468,179.46051,154.25,,,,
469,131.91985,129.12,,,,
470,93.74135,106.75001,,,,
471,110.5625,86.060005,,,,
472,104.43308,64.28,,,,
473,82.7486,46.52,,,,
474,77.351654,32.14,,,,
475,93.02827,18.720001,,,,
476,76.293434,12.01,,,,
477,64.66785,9.839999,,,,
478,73.18137,7.7400002,,,,
479,66.939415,5.72,,,,
480,37.21556,3.7199998,,,,
481,24.24614,2.1599998,,,,
482,21.6968,1.29,,,,
483,20.225,1.21,,,,
484,29.3627,1.22,,,,
485,-1.3682121,1.26,,,,
486,-1.3682121,1.23,,,,
487,-1.3682121,1.24,,,,
488,-1.3682121,1.26,,,,
489,-1.3682121,1.23,,,,
490,-1.3682121,1.26,,,,
491,-1.3682121,1.23,,,,
492,-1.3682121,1.22,,,,
493,-1.3682121,1.26,,,,
494,-1.3682121,1.23,,,,
495,-1.3682121,1.25,,,,
496,-1.3682121,1.23,,,,
497,-1.3682121,1.24,,,,
498,-1.3682121,1.24,,,,
499,-1.3682121,1.26,,,,
500,-1.3682121,1.25,,,,
501,-1.3682121,1.27,,,,
502,-1.3682121,1.26,,,,
503,-1.3682121,1.26,,,,
504,-1.3682121,1.25,,,,
505,-1.3682121,1.27,,,,
506,-1.3682121,1.25,,,,
507,-1.3682121,1.25,,,,
508,-1.3682121,1.23,,,,
509,-1.3682121,1.23,,,,
510,-1.3682121,1.26,,,,
511,-1.3682121,1.2,,,,
512,-1.3682121,1.25,,,,
513,-1.3682121,1.24,,,,
514,-1.3682121,1.23,,,,
515,-1.3682121,1.26,,,,
516,-1.3682121,1.22,,,,
517,-1.3682121,1.26,,,,
518,-1.3682121,1.26,,,,
519,-1.3682121,1.23,,,,
520,-1.3682121,1.25,,,,
521,-1.3682121,1.26,,,,
522,-1.3682121,1.24,,,,
523,-1.3682121,1.22,,,,
524,-1.3682121,1.25,,,,
525,-1.3682121,1.21,,,,
526,-1.3682121,1.26,,,,
527,-1.3682121,1.24,,,,
528,-1.3682121,1.24,,,,
529,-1.3682121,1.26,,,,
530,-1.3682121,1.23,,,,
531,-1.3682121,1.25,,,,
532,-1.3682121,1.23,,,,
533,-1.3682121,1.22,,,,
534,-1.3682121,1.24,,,,
535,-1.3682121,1.21,,,,
536,-1.3682121,1.24,,,,
537,-1.3682121,1.25,,,,
538,-1.3682121,1.23,,,,
539,-1.3682121,1.23,,,,
540,-1.3682121,1.22,,,,
541,-1.3682121,1.24,,,,
542,-1.3682121,1.26,,,,
543,-1.3682121,1.26,,,,
544,-1.3682121,1.24,,,,
545,-1.3682121,1.24,,,,
546,-1.3682121,1.23,,,,
547,-1.3682121,1.22,,,,
548,-1.3682121,1.24,,,,
549,-1.3682121,1.25,,,,
550,-1.3682121,1.24,,,,
551,-1.3682121,1.24,,,,
552,-1.3682121,1.22,,,,
553,-1.3682121,1.25,,,,
554,-1.3682121,1.2,,,,
555,-1.3682121,1.22,,,,
556,-1.3682121,1.23,,,,
557,-1.3682121,1.22,,,,
558,-1.3682121,1.25,,,,
559,-1.3682121,1.25,,,,
560,-1.3682121,1.19,,,,
561,-1.3682121,1.24,,,,
562,-1.3682121,1.21,,,,
563,-1.3682121,1.21,,,,
564,-1.3682121,1.25,,,,
565,-1.3682121,1.23,,,,
566,-1.3682121,1.21,,,,
567,-1.3682121,1.23,,,,
568,-1.3682121,1.22,,,,
569,-1.3682121,1.25,,,,
570,-1.3682121,1.24,,,,
571,-1.3682121,1.27,,,,
572,-1.3682121,1.22,,,,
573,-1.3682121,1.2,,,,
574,-1.3682121,1.23,,,,
575,-1.3682121,1.23,,,,
576,-3.0949535,1.19,,,,
577,-4.0006,1.26,,,,
578,-2.0231137,1.25,,,,
579,-1.6189088,1.21,,,,
580,-2.841133,1.23,,,,
581,-6.3255897,1.2,,,,
582,-6.180498,1.24,,,,
583,-8.138671,1.21,,,,
584,-6.644433,1.24,,,,
585,-9.192008,1.22,,,,
586,-9.342369,1.23,,,,
587,-6.4982924,1.23,,,,
588,-9.271028,1.1800001,,,,
589,-7.624187,1.2,,,,
590,-7.2542214,1.22,,,,
591,-6.211782,1.21,,,,
592,-8.6314335,1.25,,,,
593,-8.2530985,1.22,,,,
594,-8.508374,1.2,,,,
595,-5.4763823,1.23,,,,
596,-5.5935283,1.21,,,,
597,-6.1196246,1.2,,,,
598,-7.5227065,1.22,,,,
599,3.907699,1.22,,,,
600,-3.1154118,1.21,,,,
601,-1.713689,1.23,,,,
602,-1.8347217,1.25,,,,
603,-1.265134,1.21,,,,
604,-2.087779,1.23,,,,
605,8.959762,1.24,,,,
606,2.6999478,1.22,,,,
607,2.3873758,1.23,,,,
608,-2.1722112,1.22,,,,
609,1.3104573,1.19,,,,
610,2.1794076,1.2,,,,
611,5.375923,1.23,,,,
612,-0.4448018,1.21,,,,
613,-0.49187005,1.2,,,,
614,17.48777,1.19,,,,
615,1.0594505,1.2,,,,
616,-0.48931873,1.19,,,,
617,2.2543497,1.21,,,,
618,14.671304,1.19,,,,
619,1.2939334,1.23,,,,
620,-3.0320048,1.25,,,,
621,-1.1535436,1.19,,,,
622,-0.7963114,1.23,,,,
623,3.5481539,1.2,,,,
624,-5.7704754,1.22,,,,
625,-1.0651296,1.25,,,,
626,-1.3682121,1.2,,,,
627,-1.3682121,1.2,,,,
628,-0.251307,1.21,,,,
629,14.675954,1.22,,,,
630,12.738144,1.24,,,,
631,29.408504,1.21,,,,
632,36.927464,1.21,,,,
633,33.909576,1.89,,,,
634,58.297375,3.2800002,,,,
635,67.9943,5.25,,,,
636,59.638664,7.36,,,,
637,68.96275,9.389999,,,,
638,97.78398,11.389999,,,,
639,71.42063,13.07,,,,
640,106.51048,14.620001,,,,
641,120.876,15.929999,,,,
642,116.47998,17.12,,,,
643,117.74455,18.1,,,,
644,143.49248,18.900002,,,,
645,147.04686,19.69,,,,
646,181.10994,20.43,,,,
647,152.20267,21.070002,,,,
648,145.8958,21.78,,,,
649,137.03006,28.720001,,,,
650,147.86612,247.83002,,,,
651,227.62073,273.88998,,,,
652,351.5184,298.75,,,,
653,366.9437,322.95,,,,
654,393.90952,345.31998,,,,
655,429.20084,367.47,,,,
656,424.73264,384.84,,,,
657,452.81497,403.08997,,,,
658,499.57123,422.47998,,,,
659,508.8282,440.56003,,,,
660,530.6482,459.25998,,,,
661,527.6929,475.87003,,,,
662,557.7697,493.04,,,,
663,547.9106,508.55002,,,,
664,574.24457,525.42,,,,
665,615.93445,542.21,,,,
666,625.62665,557.76,,,,
667,606.053,574.59,,,,
668,621.6061,589.21,,,,
669,637.6871,604.05,,,,
670,664.88806,619.33,,,,
671,717.6788,633.44,,,,
672,738.213,647.86,,,,
673,737.8254,662.64,,,,
674,706.3381,675.83997,,,,
675,737.1043,687.23,,,,
676,740.99506,699.62,,,,
677,743.4403,711.44,,,,
678,746.716,722.0,,,,
679,764.0648,733.64996,,,,
680,785.4179,743.76,,,,
681,802.8832,752.32,,,,
682,824.52094,763.3,,,,
683,822.5288,771.83,,,,
684,823.7468,781.01,,,,
685,814.08014,788.74,,,,
686,824.81354,797.62,,,,
687,820.3438,807.08,,,,
688,827.67175,813.69,,,,
689,848.7702,820.16003,,,,
690,858.3537,827.19006,,,,
691,877.02954,829.73,,,,
692,867.4071,835.62,,,,
693,862.74854,843.12,,,,
694,868.9909,843.51,,,,
695,889.97565,846.76,,,,
696,864.0299,850.3,,,,
697,885.4227,852.42004,,,,
698,868.8581,853.93005,,,,
699,886.4333,855.87,,,,
700,889.2976,855.89,,,,
701,866.99805,854.79,,,,
702,889.497,856.79,,,,
703,921.0587,855.02,,,,
704,939.667,852.97,,,,
705,897.8501,854.69,,,,
706,918.57556,853.17,,,,
707,919.13275,850.18994,,,,
708,891.5245,844.45,,,,
709,877.1677,842.69,,,,
710,919.614,836.06995,,,,
711,867.25,831.33,,,,
712,868.86725,826.44,,,,
713,884.41516,822.54,,,,
714,903.8243,814.52,,,,
715,866.16644,812.93005,,,,
716,817.9837,802.61005,,,,
717,854.5937,792.95,,,,
718,820.6353,785.55,,,,
719,824.2899,777.57,,,,
720,754.35895,767.44,,,,
721,812.6979,758.18,,,,
722,809.9163,748.45,,,,
723,814.3442,737.64,,,,
724,795.6776,727.69,,,,
725,746.0216,718.78,,,,
726,756.80115,705.7,,,,
727,774.6881,691.99,,,,
728,723.6852,682.61,,,,
729,690.0388,667.9,,,,
730,714.99774,653.74,,,,
731,647.6824,638.91003,,,,
732,663.79535,625.77,,,,
733,672.687,612.99,,,,
734,655.3585,594.86,,,,
735,563.22906,580.28,,,,
736,525.4873,565.92,,,,
737,585.0801,549.0,,,,
738,537.8862,532.6,,,,
739,522.4893,516.8,,,,
740,538.99615,500.96997,,,,
741,523.01324,483.81998,,,,
742,482.30502,465.53998,,,,
743,482.34546,448.5,,,,
744,410.446,429.49997,,,,
745,443.3756,411.15,,,,
746,343.73135,393.9,,,,
747,375.9361,373.93,,,,
748,338.65308,353.75,,,,
749,408.8429,333.03998,,,,
750,287.1596,308.28,,,,
751,284.25906,284.44,,,,
752,263.96512,258.13998,,,,
753,215.22128,232.81,,,,
754,253.4076,204.57,,,,
755,182.29872,180.8,,,,
756,124.59221,156.24,,,,
757,141.8238,131.35,,,,
758,144.0206,108.12,,,,
759,75.444954,86.28,,,,
760,79.25053,65.88,,,,
761,81.68987,46.570004,,,,
762,83.970764,30.95,,,,
763,62.315594,22.07,,,,
764,60.886642,12.18,,,,
765,62.22724,10.08,,,,
766,34.36425,8.01,,,,
767,36.82192,5.92,,,,
768,20.871794,4.0,,,,
769,25.770731,2.3000002,,,,
770,52.812054,1.32,,,,
771,25.497787,1.23,,,,
772,16.003855,1.23,,,,
773,2.2343445,1.22,,,,
774,21.792439,1.22,,,,
775,17.263874,1.23,,,,
776,9.949744,1.22,,,,
777,7.0013747,1.2,,,,
778,-1.3682121,1.24,,,,
779,-0.09395981,1.22,,,,
780,8.055641,1.22,,,,
781,-1.3682121,1.23,,,,
782,-1.3682121,1.26,,,,
783,-1.3682121,1.24,,,,
784,-1.3682121,1.24,,,,
785,-1.3682121,1.25,,,,
786,-1.3682121,1.23,,,,
787,-1.3682121,1.21,,,,
788,-1.3682121,1.22,,,,
789,-1.3682121,1.22,,,,
790,-1.3682121,1.23,,,,
791,-1.3682121,1.21,,,,
792,-1.3682121,1.25,,,,
793,-1.3682121,1.22,,,,
794,-1.3682121,1.2,,,,
795,-1.3682121,1.24,,,,
796,-1.3682121,1.24,,,,
797,-1.3682121,1.21,,,,
798,-1.3682121,1.26,,,,
799,-1.3682121,1.26,,,,
800,-1.3682121,1.22,,,,
801,-1.3682121,1.24,,,,
802,-1.3682121,1.23,,,,
803,-1.3682121,1.24,,,,
804,-1.3682121,1.21,,,,
805,-1.3682121,1.22,,,,
806,-1.3682121,1.21,,,,
807,-1.3682121,1.23,,,,
808,-1.3682121,1.22,,,,
809,-1.3682121,1.2,,,,
810,-1.3682121,1.24,,,,
811,-1.3682121,1.21,,,,
812,-1.3682121,1.24,,,,
813,-1.3682121,1.25,,,,
814,-1.3682121,1.26,,,,
815,-1.3682121,1.19,,,,
816,-1.3682121,1.23,,,,
817,-1.3682121,1.23,,,,
818,-1.3682121,1.23,,,,
819,-1.3682121,1.22,,,,
820,-1.3682121,1.24,,,,
821,-1.3682121,1.21,,,,
822,-1.3682121,1.22,,,,
823,-1.3682121,1.25,,,,
824,-1.3682121,1.21,,,,
825,-1.3682121,1.24,,,,
826,-1.3682121,1.25,,,,
827,-1.3682121,1.24,,,,
828,-1.3682121,1.23,,,,
829,-1.3682121,1.24,,,,
830,-1.3682121,1.23,,,,
831,-1.3682121,1.25,,,,
832,-1.3682121,1.22,,,,
833,-1.3682121,1.21,,,,
834,-1.3682121,1.21,,,,
835,-1.3682121,1.23,,,,
836,-1.3682121,1.1800001,,,,
837,-1.3682121,1.23,,,,
838,-1.3682121,1.23,,,,
839,-1.3682121,1.27,,,,
840,-1.3682121,1.23,,,,
841,-1.3682121,1.21,,,,
842,-1.3682121,1.22,,,,
843,-1.3682121,1.26,,,,
844,-1.3682121,1.19,,,,
845,-1.3682121,1.23,,,,
846,-1.3682121,1.2,,,,
847,-1.3682121,1.21,,,,
848,-1.3682121,1.24,,,,
849,-1.3682121,1.24,,,,
850,-1.3682121,1.1800001,,,,
851,-1.3682121,1.22,,,,
852,-1.3682121,1.25,,,,
853,-1.3682121,1.24,,,,
854,-1.3682121,1.21,,,,
855,-1.3682121,1.24,,,,
856,-1.3682121,1.25,,,,
857,-1.3682121,1.2,,,,
858,-1.3682121,1.23,,,,
859,-1.3682121,1.25,,,,
860,-1.3682121,1.23,,,,
861,-1.3682121,1.23,,,,
862,-1.3682121,1.21,,,,
863,-1.3682121,1.23,,,,
864,-1.3682121,1.21,,,,
865,-1.3682121,1.21,,,,
866,-1.3682121,1.2,,,,
867,-1.3682121,1.23,,,,
868,-1.3682121,1.23,,,,
869,-1.3682121,1.19,,,,
870,-1.3682121,1.19,,,,
871,-1.3682121,1.23,,,,
872,-1.3682121,1.21,,,,
873,-0.9010109,1.24,,,,
874,-0.93093526,1.23,,,,
875,-1.0327734,1.23,,,,
876,-1.9825789,1.23,,,,
877,-1.486288,1.22,,,,
878,-1.3682121,1.22,,,,
879,-0.90918934,1.21,,,,
880,-1.3682121,1.22,,,,
881,-1.1849223,1.27,,,,
882,-0.8486968,1.23,,,,
883,-1.0700654,1.21,,,,
884,-1.4681426,1.23,,,,
885,-0.9995347,1.24,,,,
886,-1.558297,1.22,,,,
887,-2.9960718,1.21,,,,
888,4.49641,1.21,,,,
889,2.2413783,1.22,,,,
890,-2.1788874,1.2,,,,
891,8.726495,1.22,,,,
892,16.323462,1.22,,,,
893,2.224187,1.24,,,,
894,10.0739,1.24,,,,
895,2.8517156,1.23,,,,
896,-2.285995,1.21,,,,
897,-0.68944216,1.21,,,,
898,-1.9781438,1.25,,,,
899,0.3415764,1.22,,,,
900,3.4568548,1.21,,,,
901,0.8960947,1.1800001,,,,
902,2.1838427,1.23,,,,
903,2.9294236,1.21,,,,
904,-5.862299,1.23,,,,
905,-3.4894776,1.1800001,,,,
906,-6.970858,1.19,,,,
907,-5.5219245,1.22,,,,
908,-5.5633893,1.21,,,,
909,-6.105485,1.23,,,,
910,-2.901268,1.1800001,,,,
911,-5.582083,1.21,,,,
912,-4.4205656,1.21,,,,
913,-1.5106806,1.25,,,,
914,-1.3682121,1.24,,,,
915,-1.3682121,1.2,,,,
916,-1.3682121,1.24,,,,
917,4.9180927,1.25,,,,
918,0.93264765,1.23,,,,
919,15.938117,1.22,,,,
920,22.730728,1.23,,,,
921,25.179707,1.71,,,,
922,45.208733,3.0800002,,,,
923,32.9625,5.0099998,,,,
924,45.962505,6.9700003,,,,
925,60.948708,9.13,,,,
926,58.092136,11.28,,,,
927,65.02977,13.12,,,,
928,63.747562,14.839999,,,,
929,55.74178,16.34,,,,
930,56.769768,17.560001,,,,
931,88.4074,18.68,,,,
932,112.69291,20.43,,,,
933,151.71811,22.03,,,,
934,209.65344,21.35,,,,
935,217.6612,22.050001,,,,
936,203.9306,22.670002,,,,
937,213.13266,26.48,,,,
938,161.61693,244.13,,,,
939,171.74081,268.97,,,,
940,257.88724,296.54,,,,
941,339.59726,319.81998,,,,
942,366.5385,343.47998,,,,
943,376.33163,362.66998,,,,
944,390.1904,381.09,,,,
945,438.77505,400.27,,,,
946,461.47733,417.55,,,,
947,472.01117,436.35,,,,
948,499.65955,455.24997,,,,
949,507.42487,475.49,,,,
950,545.8625,490.27,,,,
951,531.7373,507.08,,,,
952,547.344,543.35,,,,
953,576.2827,553.58,,,,
954,577.6738,539.31,,,,
955,608.4453,578.58997,,,,
956,596.48126,588.73,,,,
957,654.5521,623.76,,,,
958,681.0245,622.02,,,,
959,694.70575,637.14996,,,,
960,722.8399,652.8,,,,
961,715.4143,666.20996,,,,
962,698.81555,672.82,,,,
963,730.8311,703.34,,,,
964,746.7465,709.81,,,,
965,778.33215,712.42004,,,,
966,770.3399,723.88,,,,
967,771.8576,735.16,,,,
968,802.07465,744.61,,,,
969,807.6967,756.72003,,,,
970,811.6408,767.11,,,,
971,819.4562,774.06,,,,
972,829.8062,784.77,,,,
973,832.5966,793.99,,,,
974,816.6069,801.31995,,,,
975,836.6983,813.00995,,,,
976,854.73035,814.84,,,,
977,840.83734,819.26996,,,,
978,848.2348,827.85004,,,,
979,853.2717,830.88995,,,,
980,863.8741,837.86,,,,
981,882.30194,843.80005,,,,
982,868.4032,846.37006,,,,
983,884.28235,851.8,,,,
984,871.16223,856.37994,,,,
985,871.412,860.42004,,,,
986,885.4303,863.59,,,,
987,903.4652,865.49994,,,,
988,924.1959,866.94006,,,,
989,916.0964,866.08,,,,
990,899.76166,867.98004,,,,
991,925.0711,868.22,,,,
992,910.63837,868.31006,,,,
993,930.67474,865.70996,,,,
994,914.8425,864.31006,,,,
995,925.1176,859.47,,,,
996,930.91974,859.10004,,,,
997,912.66815,856.06,,,,
998,904.93713,850.66,,,,
999,891.06256,844.83,,,,
1000,889.91095,839.75995,,,,
1001,913.4538,834.22003,,,,
1002,889.11475,828.73,,,,
1003,865.4565,823.06995,,,,
1004,869.4248,814.6,,,,
1005,852.9903,805.56,,,,
1006,842.5605,798.95,,,,
1007,810.0469,790.39,,,,
1008,821.8601,780.81,,,,
1009,809.3866,770.69,,,,
1010,790.3492,761.99,,,,
1011,807.66284,751.83997,,,,
1012,805.3027,739.21,,,,
1013,793.79926,726.72,,,,
1014,744.09186,713.33,,,,
1015,743.1602,702.68,,,,
1016,738.7459,689.45,,,,
1017,724.1789,676.35004,,,,
1018,691.64606,663.77997,,,,
1019,662.6385,648.41,,,,
1020,679.754,634.9,,,,
1021,632.4206,617.74,,,,
1022,621.5973,603.61,,,,
1023,609.96155,588.62,,,,
1024,606.8375,572.89,,,,
1025,580.1764,557.79,,,,
1026,580.501,541.52,,,,
1027,539.7404,525.05,,,,
1028,554.4084,508.25,,,,
1029,518.90814,490.28,,,,
1030,514.491,472.13998,,,,
1031,456.26617,453.86002,,,,
1032,470.16125,435.12,,,,
1033,427.44327,417.43,,,,
1034,421.63452,398.44998,,,,
1035,390.7501,379.34998,,,,
1036,374.16885,361.43,,,,
1037,310.61337,340.72,,,,
1038,304.68,314.28998,,,,
1039,266.98544,290.84998,,,,
1040,275.68887,264.99997,,,,
1041,250.51463,235.56001,,,,
1042,249.6059,211.76,,,,
1043,210.29938,186.23,,,,
1044,180.5288,159.24,,,,
1045,158.21223,134.62999,,,,
1046,91.5903,111.07001,,,,
1047,83.65901,89.920006,,,,
1048,94.24724,70.11,,,,
1049,76.63426,50.440002,,,,
1050,88.50186,34.74,,,,
1051,59.98996,25.810001,,,,
1052,46.083298,12.38,,,,
1053,51.378548,10.37,,,,
1054,42.438515,8.31,,,,
1055,38.812294,6.26,,,,
1056,31.880255,4.27,,,,
1057,16.169764,2.4099998,,,,
1058,-1.3682121,1.4100001,,,,
1059,15.111919,1.24,,,,
1060,-1.3682121,1.27,,,,
1061,-1.3682121,1.25,,,,
1062,3.321206,1.22,,,,
1063,-1.3682121,1.25,,,,
1064,-1.3682121,1.22,,,,
1065,-1.3682121,1.21,,,,
1066,-1.3682121,1.21,,,,
1067,-1.3682121,1.22,,,,
1068,-1.3682121,1.22,,,,
1069,-1.3682121,1.24,,,,
1070,-1.3682121,1.22,,,,
1071,-1.3682121,1.21,,,,
1072,-1.3682121,1.22,,,,
1073,-1.3682121,1.23,,,,
1074,-1.3682121,1.1800001,,,,
1075,-1.3682121,1.23,,,,
1076,-1.3682121,1.22,,,,
1077,-1.3682121,1.21,,,,
1078,-1.3682121,1.21,,,,
1079,-1.3682121,1.22,,,,
1080,-1.3682121,1.24,,,,
1081,-1.3682121,1.23,,,,
1082,-1.3682121,1.22,,,,
1083,-1.3682121,1.28,,,,
1084,-1.3682121,1.22,,,,
1085,-1.3682121,1.2,,,,
1086,-1.3682121,1.25,,,,
1087,-1.3682121,1.21,,,,
1088,-1.3682121,1.22,,,,
1089,-1.3682121,1.24,,,,
1090,-1.3682121,1.22,,,,
1091,-1.3682121,1.21,,,,
1092,-1.3682121,1.23,,,,
1093,-1.3682121,1.25,,,,
1094,-1.3682121,1.24,,,,
1095,-1.3682121,1.21,,,,
1096,-1.3682121,1.2,,,,
1097,-1.3682121,1.21,,,,
1098,-1.3682121,1.22,,,,
1099,-1.3682121,1.22,,,,
1100,-1.3682121,1.19,,,,
1101,-1.3682121,1.23,,,,
1102,-1.3682121,1.22,,,,
1103,-1.3682121,1.19,,,,
1104,-1.3682121,1.2,,,,
1105,-1.3682121,1.21,,,,
1106,-1.3682121,1.24,,,,
1107,-1.3682121,1.2,,,,
1108,-1.3682121,1.23,,,,
1109,-1.3682121,1.21,,,,
1110,-1.3682121,1.23,,,,
1111,-1.3682121,1.22,,,,
1112,-1.3682121,1.21,,,,
1113,-1.3682121,1.23,,,,
1114,-1.3682121,1.1800001,,,,
1115,-1.3682121,1.21,,,,
1116,-1.3682121,1.23,,,,
1117,-1.3682121,1.22,,,,
1118,-1.3682121,1.22,,,,
1119,-1.3682121,1.19,,,,
1120,-1.3682121,1.22,,,,
1121,-1.3682121,1.2,,,,
1122,-1.3682121,1.21,,,,
1123,-1.3682121,1.21,,,,
1124,-1.3682121,1.19,,,,
1125,-1.3682121,1.22,,,,
1126,-1.3682121,1.21,,,,
1127,-1.3682121,1.26,,,,
1128,-1.3682121,1.23,,,,
1129,-1.3682121,1.22,,,,
1130,-1.3682121,1.22,,,,
1131,-1.3682121,1.2,,,,
1132,-1.3682121,1.2,,,,
1133,-1.3682121,1.2,,,,
1134,-1.3682121,1.2,,,,
1135,-1.3682121,1.21,,,,
1136,-1.3682121,1.25,,,,
1137,-1.3682121,1.22,,,,
1138,-1.3682121,1.19,,,,
1139,-1.3682121,1.22,,,,
1140,-1.3682121,1.22,,,,
1141,-1.3682121,1.24,,,,
1142,-1.3682121,1.21,,,,
1143,-1.3682121,1.22,,,,
1144,-1.3682121,1.19,,,,
1145,-1.3682121,1.23,,,,
1146,-1.3682121,1.23,,,,
1147,-1.3682121,1.2,,,,
1148,-1.3682121,1.24,,,,
1149,-1.3682121,1.23,,,,
1150,-1.3682121,1.21,,,,
1151,-1.3682121,1.21,,,,
1152,-1.3682121,1.21,,,,
1153,-3.0581384,1.21,,,,
1154,-2.3450809,1.22,,,,
1155,-1.3682121,1.21,,,,
1156,-3.3378296,1.22,,,,
1157,-3.4204493,1.23,,,,
1158,-6.8658967,1.23,,,,
1159,-2.669837,1.19,,,,
1160,-2.7334294,1.21,,,,
1161,-4.6144423,1.19,,,,
1162,-1.0737375,1.23,,,,
1163,-4.591337,1.22,,,,
1164,-3.8334527,1.22,,,,
1165,-5.034742,1.22,,,,
1166,-2.1745954,1.22,,,,
1167,-1.0276469,1.22,,,,
1168,-0.90236986,1.22,,,,
1169,-1.4559821,1.2,,,,
1170,-1.0911676,1.23,,,,
1171,-5.065906,1.23,,,,
1172,-3.54327,1.23,,,,
1173,-3.283608,1.22,,,,
1174,-2.9363666,1.21,,,,
1175,20.716618,1.22,,,,
1176,0.32769912,1.2,,,,
1177,28.377914,1.23,,,,
1178,-6.050691,1.22,,,,
1179,-7.727241,1.26,,,,
1180,-8.093105,1.2,,,,
1181,-4.8448715,1.22,,,,
1182,-9.507656,1.19,,,,
1183,-8.749437,1.2,,,,
1184,-8.307011,1.23,,,,
1185,-10.841137,1.2,,,,
1186,-8.583483,1.24,,,,
1187,-5.439162,1.2,,,,
1188,-7.1631846,1.22,,,,
1189,-10.406864,1.23,,,,
1190,-8.322247,1.22,,,,
1191,-2.413084,1.21,,,,
1192,-1.843234,1.21,,,,
1193,-13.394029,1.21,,,,
1194,-7.121124,1.22,,,,
1195,-6.9095073,1.22,,,,
1196,-12.950266,1.23,,,,
1197,-10.565142,1.23,,,,
1198,-9.753703,1.23,,,,
1199,-13.58626,1.22,,,,
1200,-6.435535,1.21,,,,
1201,-3.327958,1.22,,,,
1202,-3.461628,1.22,,,,
1203,-0.24880338,1.19,,,,
1204,3.5641532,1.2,,,,
1205,3.3959332,1.22,,,,
1206,9.447564,1.21,,,,
1207,13.397219,1.23,,,,
1208,21.492075,1.23,,,,
1209,32.561455,1.85,,,,
1210,38.398586,3.25,,,,
1211,53.633472,5.07,,,,
1212,41.086258,6.5200005,,,,
1213,54.465355,7.7300005,,,,
1214,58.59189,10.55,,,,
1215,67.45412,13.31,,,,
1216,84.31234,20.0,,,,
1217,58.612083,31.68,,,,
1218,94.12257,33.01,,,,
1219,120.96665,53.14,,,,
1220,138.55873,42.280003,,,,
1221,164.20894,56.730003,,,,
1222,164.02705,80.98,,,,
1223,195.29259,79.4,,,,
1224,204.77075,106.98,,,,
1225,231.83813,90.99,,,,
1226,238.92395,114.75001,,,,
1227,266.9844,129.22,,,,
1228,272.10687,126.50001,,,,
1229,275.4725,159.25,,,,
1230,291.42038,196.24,,,,
1231,301.5454,146.04001,,,,
1232,297.49387,272.99,,,,
1233,323.49182,385.61996,,,,
1234,387.9873,318.53998,,,,
1235,407.7359,225.26999,,,,
1236,397.45276,248.01001,,,,
1237,413.14545,294.72,,,,
1238,416.8966,246.06001,,,,
1239,396.0591,396.11,,,,
1240,445.94205,309.18,,,,
1241,458.1421,384.78,,,,
1242,464.74817,377.75998,,,,
1243,461.45627,342.37997,,,,
1244,492.51715,458.26,,,,
1245,544.63104,470.21,,,,
1246,530.7523,435.97998,,,,
1247,531.7734,689.27997,,,,
1248,661.33057,626.10004,,,,
1249,630.5305,523.12,,,,
1250,629.2728,796.0,,,,
1251,719.0066,520.68,,,,
1252,712.2794,643.54004,,,,
1253,704.1279,674.21,,,,
1254,701.3592,670.51,,,,
1255,735.8902,603.8,,,,
1256,730.6924,332.27,,,,
1257,698.96747,835.27997,,,,
1258,759.76306,469.8,,,,
1259,711.4808,765.25,,,,
1260,744.95917,817.85004,,,,
1261,770.3779,343.9,,,,
1262,723.3826,761.89996,,,,
1263,743.4852,674.83,,,,
1264,758.3177,761.74,,,,
1265,778.4157,508.18997,,,,
1266,722.46497,694.64,,,,
1267,757.876,855.04004,,,,
1268,781.3029,846.74,,,,
1269,831.26306,919.22003,,,,
1270,849.5126,465.65,,,,
1271,786.28864,518.76996,,,,
1272,788.41315,747.52,,,,
1273,764.0555,1023.4,,,,
1274,846.4516,913.22,,,,
1275,892.09424,1047.24,,,,
1276,941.2574,657.03,,,,
1277,849.6065,830.25,,,,
1278,846.95746,823.04004,,,,
1279,847.46704,1055.98,,,,
1280,890.3776,956.67993,,,,
1281,890.65497,866.18,,,,
1282,906.5513,935.31,,,,
1283,915.5792,854.66,,,,
1284,883.3382,854.97003,,,,
1285,894.41766,849.55,,,,
1286,877.80084,846.83997,,,,
1287,907.8961,842.92,,,,
1288,918.06366,831.72003,,,,
1289,908.89185,829.87,,,,
1290,843.008,840.14996,,,,
1291,851.9258,817.78,,,,
1292,824.11755,809.31,,,,
1293,831.77325,801.55,,,,
1294,872.63153,792.04,,,,
1295,846.3003,785.52,,,,
1296,793.8226,777.72,,,,
1297,802.40546,750.16003,,,,
1298,780.5881,756.29,,,,
1299,772.13544,749.03,,,,
1300,783.2662,710.41003,,,,
1301,757.0656,725.44,,,,
1302,774.1808,721.12,,,,
1303,759.96344,745.38,,,,
1304,739.18646,778.38,,,,
1305,746.5629,701.4,,,,
1306,706.36487,696.84,,,,
1307,694.5659,682.93,,,,
1308,658.9454,636.31995,,,,
1309,680.59686,620.43,,,,
1310,676.72174,555.62,,,,
1311,671.4701,620.56,,,,
1312,630.6329,490.27,,,,
1313,536.1521,543.39,,,,
1314,555.0625,515.47,,,,
1315,611.7246,487.30002,,,,
1316,519.992,416.71997,,,,
1317,537.26556,543.25,,,,
1318,533.30365,354.24,,,,
1319,450.22974,245.99,,,,
1320,442.5128,194.47,,,,
1321,338.64905,293.12997,,,,
1322,282.1156,163.07,,,,
1323,240.0971,268.52997,,,,
1324,209.26198,192.82,,,,
1325,207.82773,221.45,,,,
1326,137.76408,146.07,,,,
1327,167.11455,142.74,,,,
1328,136.4101,118.41,,,,
1329,101.201195,93.49,,,,
1330,93.000824,119.479996,,,,
1331,78.609375,123.54,,,,
1332,62.9501,161.06001,,,,
1333,66.66428,122.89,,,,
1334,70.6146,145.97,,,,
1335,86.59842,120.380005,,,,
1336,75.297035,94.37,,,,
1337,86.5775,134.14,,,,
1338,100.41316,75.01,,,,
1339,77.79345,38.44,,,,
1340,87.681465,26.63,,,,
1341,79.569824,21.000002,,,,
1342,79.947754,13.45,,,,
1343,52.306286,4.52,,,,
1344,40.525932,2.8400002,,,,
1345,52.351364,1.8700001,,,,
1346,53.354496,1.21,,,,
1347,50.400867,1.19,,,,
1348,61.915348,1.22,,,,
1349,26.3938,1.19,,,,
1350,32.17337,1.22,,,,
1351,27.71381,1.23,,,,
1352,22.436872,1.25,,,,
1353,13.781514,1.21,,,,
1354,4.417748,1.21,,,,
1355,28.217682,1.26,,,,
1356,30.116484,1.24,,,,
1357,-1.3682121,1.23,,,,
1358,-1.3682121,1.21,,,,
1359,-1.3682121,1.25,,,,
1360,-1.3682121,1.21,,,,
1361,-1.3682121,1.19,,,,
1362,-1.3682121,1.2,,,,
1363,-1.3682121,1.21,,,,
1364,-1.3682121,1.25,,,,
1365,-1.3682121,1.22,,,,
1366,-1.3682121,1.21,,,,
1367,-1.3682121,1.23,,,,
1368,-1.3682121,1.1800001,,,,
1369,-1.3682121,1.2,,,,
1370,-1.3682121,1.19,,,,
1371,-1.3682121,1.24,,,,
1372,-1.3682121,1.21,,,,
1373,-1.3682121,1.23,,,,
1374,-1.3682121,1.2,,,,
1375,-1.3682121,1.21,,,,
1376,-1.3682121,1.21,,,,
1377,-1.3682121,1.23,,,,
1378,-1.3682121,1.23,,,,
1379,-1.3682121,1.26,,,,
1380,-1.3682121,1.23,,,,
1381,-1.3682121,1.22,,,,
1382,-1.3682121,1.25,,,,
1383,-1.3682121,1.2,,,,
1384,-1.3682121,1.2,,,,
1385,-1.3682121,1.22,,,,
1386,-1.3682121,1.22,,,,
1387,-1.3682121,1.23,,,,
1388,-1.3682121,1.23,,,,
1389,-1.3682121,1.23,,,,
1390,-1.3682121,1.24,,,,
1391,-1.3682121,1.22,,,,
1392,-1.3682121,1.21,,,,
1393,-1.3682121,1.22,,,,
1394,-1.3682121,1.26,,,,
1395,-1.3682121,1.23,,,,
1396,-1.3682121,1.22,,,,
1397,-1.3682121,1.24,,,,
1398,-1.3682121,1.22,,,,
1399,-1.3682121,1.21,,,,
1400,-1.3682121,1.23,,,,
1401,-1.3682121,1.24,,,,
1402,-1.3682121,1.25,,,,
1403,-1.3682121,1.2,,,,
1404,-1.3682121,1.26,,,,
1405,-1.3682121,1.21,,,,
1406,-1.3682121,1.22,,,,
1407,-1.3682121,1.24,,,,
1408,-1.3682121,1.22,,,,
1409,-1.3682121,1.2,,,,
1410,-1.3682121,1.22,,,,
1411,-1.3682121,1.2,,,,
1412,-1.3682121,1.23,,,,
1413,-1.3682121,1.24,,,,
1414,-1.3682121,1.24,,,,
1415,-1.3682121,1.22,,,,
1416,-1.3682121,1.24,,,,
1417,-1.3682121,1.21,,,,
1418,-1.3682121,1.22,,,,
1419,-1.3682121,1.2,,,,
1420,-1.3682121,1.2,,,,
1421,-1.3682121,1.2,,,,
1422,-1.3682121,1.21,,,,
1423,-1.3682121,1.22,,,,
1424,-1.3682121,1.2,,,,
1425,-1.3682121,1.15,,,,
1426,-1.3682121,1.21,,,,
1427,-1.3682121,1.2,,,,
1428,-1.3682121,1.2,,,,
1429,-1.3682121,1.21,,,,
1430,-1.3682121,1.22,,,,
1431,-1.3682121,1.2,,,,
1432,-1.3682121,1.16,,,,
1433,-1.3682121,1.21,,,,
1434,-1.3682121,1.23,,,,
1435,-1.3682121,1.23,,,,
1436,-1.3682121,1.22,,,,
1437,-1.3682121,1.2,,,,
1438,-1.3682121,1.22,,,,
1439,-1.3682121,1.1800001,,,,
1440,-1.3682121,1.2,,,,
1441,-1.3682121,1.19,,,,
1442,-1.3682121,1.2,,,,
1443,-1.7240373,1.16,,,,
1444,-2.5847855,1.16,,,,
1445,-1.3682121,1.2,,,,
1446,-1.3682121,1.19,,,,
1447,-3.605503,1.2,,,,
1448,-1.3682121,1.2,,,,
1449,-3.7517152,1.2,,,,
1450,-1.0212089,1.19,,,,
1451,-3.1313872,1.19,,,,
1452,-3.005252,1.2,,,,
1453,-2.5077214,1.19,,,,
1454,-2.2730236,1.17,,,,
1455,1.9059159,1.1800001,,,,
1456,-0.982653,1.19,,,,
1457,-1.3255311,1.1800001,,,,
1458,1.2967231,1.23,,,,
1459,-3.5409093,1.2,,,,
1460,-0.34627795,1.2,,,,
1461,-3.1996527,1.21,,,,
1462,19.955776,1.19,,,,
1463,18.813835,1.22,,,,
1464,9.127218,1.21,,,,
1465,1.1123129,1.24,,,,
1466,30.829899,1.22,,,,
1467,-1.7364601,1.19,,,,
1468,21.517015,1.2,,,,
1469,-3.1236854,1.19,,,,
1470,-1.2550956,1.23,,,,
1471,-1.602027,1.1800001,,,,
1472,17.532333,1.21,,,,
1473,17.89772,1.22,,,,
1474,7.564453,1.21,,,,
1475,-2.383875,1.23,,,,
1476,-0.24186468,1.22,,,,
1477,-5.5697556,1.22,,,,
1478,-8.463165,1.23,,,,
1479,-6.3150983,1.23,,,,
1480,25.265831,1.22,,,,
1481,15.220076,1.19,,,,
1482,-2.162125,1.2,,,,
1483,6.7209682,1.23,,,,
1484,20.790056,1.21,,,,
1485,5.9518056,1.24,,,,
1486,39.404045,1.21,,,,
1487,30.46692,1.2,,,,
1488,25.654013,1.2,,,,
1489,37.274075,1.19,,,,
1490,18.12145,1.23,,,,
1491,2.8428695,1.21,,,,
1492,20.311459,1.21,,,,
1493,24.871714,1.2,,,,
1494,26.746836,1.22,,,,
1495,33.831238,1.23,,,,
1496,43.258465,1.21,,,,
1497,53.098305,1.23,,,,
1498,66.03592,1.29,,,,
1499,65.24578,1.89,,,,
1500,54.29822,2.8000002,,,,
1501,73.95708,5.23,,,,
1502,83.95807,11.29,,,,
1503,74.59249,16.74,,,,
1504,58.48522,25.91,,,,
1505,62.718464,32.82,,,,
1506,73.545044,33.72,,,,
1507,72.54042,40.99,,,,
1508,145.48381,43.7,,,,
1509,184.45654,49.510002,,,,
1510,193.10646,57.140003,,,,
1511,181.15622,77.91,,,,
1512,188.83635,80.020004,,,,
1513,196.39656,79.53,,,,
1514,197.46036,97.21,,,,
1515,165.22708,98.32,,,,
1516,149.60318,118.090004,,,,
1517,192.64648,146.48,,,,
1518,175.98543,195.17001,,,,
1519,292.78787,209.58,,,,
1520,325.86743,174.15001,,,,
1521,281.5597,365.43,,,,
1522,351.65707,370.34,,,,
1523,367.76605,416.24,,,,
1524,417.148,400.49,,,,
1525,452.9955,568.27997,,,,
1526,508.37982,396.19998,,,,
1527,497.16675,505.16998,,,,
1528,517.7669,389.47,,,,
1529,471.98337,473.34003,,,,
1530,460.36917,439.58,,,,
1531,473.59152,409.88,,,,
1532,523.0228,674.96,,,,
1533,613.4669,538.14996,,,,
1534,621.4445,485.72998,,,,
1535,588.7662,587.97003,,,,
1536,638.28046,491.26,,,,
1537,594.0638,637.14996,,,,
1538,638.6061,442.50998,,,,
1539,645.37604,513.44995,,,,
1540,618.97534,706.35,,,,
1541,698.55054,756.64,,,,
1542,741.39886,617.71,,,,
1543,755.7995,564.54,,,,
1544,759.22864,489.02,,,,
1545,748.41144,602.11,,,,
1546,719.32275,404.49,,,,
1547,681.10846,540.14996,,,,
1548,688.13,533.22,,,,
1549,678.82587,754.63,,,,
1550,777.69586,859.91003,,,,
1551,815.12823,411.49997,,,,
1552,742.917,688.93,,,,
1553,772.5467,566.43,,,,
1554,754.67737,438.38,,,,
1555,708.1595,655.57,,,,
1556,751.97955,688.18,,,,
1557,765.3425,645.08,,,,
1558,775.9908,699.75,,,,
1559,770.1865,750.27,,,,
1560,796.0963,986.07,,,,
1561,859.76135,937.31,,,,
1562,864.4408,909.77997,,,,
1563,865.3316,877.63,,,,
1564,886.5398,612.8,,,,
1565,815.6259,494.97,,,,
1566,761.7094,722.16,,,,
1567,755.9524,611.2,,,,
1568,794.4901,755.94,,,,
1569,820.73846,874.98,,,,
1570,871.6198,927.74,,,,
1571,859.2049,696.1,,,,
1572,826.1503,586.82,,,,
1573,794.842,814.85,,,,
1574,828.0546,582.11,,,,
1575,775.74384,607.85,,,,
1576,756.041,908.41,,,,
1577,798.2422,933.38,,,,
1578,833.8413,788.9,,,,
1579,820.93134,466.94998,,,,
1580,744.5555,561.47,,,,
1581,712.11194,437.63998,,,,
1582,654.0514,515.69,,,,
1583,674.6932,625.06,,,,
1584,705.53735,451.95996,,,,
1585,687.0968,613.11,,,,
1586,676.1416,673.2,,,,
1587,673.76917,372.28998,,,,
1588,630.6306,647.82,,,,
1589,639.30664,495.84003,,,,
1590,613.3147,707.84,,,,
1591,687.4087,450.87997,,,,
1592,623.1646,318.38,,,,
1593,559.5001,355.93,,,,
1594,527.394,680.97,,,,
1595,588.1465,733.4,,,,
1596,600.25464,537.25995,,,,
1597,594.04254,488.84,,,,
1598,545.7758,487.35,,,,
1599,558.5969,454.74,,,,
1600,497.82233,297.31998,,,,
1601,486.5122,277.34998,,,,
1602,420.01913,343.58,,,,
1603,435.41974,577.39996,,,,
1604,449.22806,266.21,,,,
1605,390.14484,419.83997,,,,
1606,438.30347,614.88,,,,
1607,439.37787,412.86,,,,
1608,434.47018,337.74,,,,
1609,388.9507,432.49,,,,
1610,461.57013,322.98,,,,
1611,378.89145,437.93997,,,,
1612,367.8815,452.12997,,,,
1613,377.89893,205.1,,,,
1614,337.52655,254.71,,,,
1615,228.48291,159.35,,,,
1616,164.22548,189.6,,,,
1617,170.93929,323.34,,,,
1618,188.97246,242.39,,,,
1619,234.58871,93.93,,,,
1620,179.4725,81.08,,,,
1621,78.05623,51.76,,,,
1622,79.546135,70.130005,,,,
1623,64.695305,65.04,,,,
1624,62.748962,49.84,,,,
1625,66.98541,44.73,,,,
1626,63.83542,33.14,,,,
1627,42.00174,21.49,,,,
1628,41.578518,14.91,,,,
1629,60.08412,10.79,,,,
1630,37.46373,5.88,,,,
1631,32.27256,3.3899999,,,,
1632,32.648,2.27,,,,
1633,12.034362,1.51,,,,
1634,10.997501,1.23,,,,
1635,-1.3682121,1.24,,,,
1636,12.587711,1.23,,,,
1637,16.76763,1.23,,,,
1638,2.5864978,1.24,,,,
1639,35.0478,1.24,,,,
1640,13.174348,1.24,,,,
1641,5.1579404,1.19,,,,
1642,-1.3682121,1.23,,,,
1643,-1.3682121,1.23,,,,
1644,-1.3682121,1.22,,,,
1645,-1.3682121,1.25,,,,
1646,-1.3682121,1.23,,,,
1647,-1.3682121,1.23,,,,
1648,-1.3682121,1.22,,,,
1649,-1.3682121,1.22,,,,
1650,-1.3682121,1.24,,,,
1651,-1.3682121,1.26,,,,
1652,-1.3682121,1.21,,,,
1653,-1.3682121,1.22,,,,
1654,-1.3682121,1.23,,,,
1655,-1.3682121,1.25,,,,
1656,-1.3682121,1.24,,,,
1657,-1.3682121,1.24,,,,
1658,-1.3682121,1.22,,,,
1659,-1.3682121,1.24,,,,
1660,-1.3682121,1.22,,,,
1661,-1.3682121,1.22,,,,
1662,-1.3682121,1.21,,,,
1663,-1.3682121,1.22,,,,
1664,-1.3682121,1.21,,,,
1665,-1.3682121,1.2,,,,
1666,-1.3682121,1.22,,,,
1667,-1.3682121,1.22,,,,
1668,-1.3682121,1.21,,,,
1669,-1.3682121,1.22,,,,
1670,-1.3682121,1.22,,,,
1671,-1.3682121,1.22,,,,
1672,-1.3682121,1.21,,,,
1673,-1.3682121,1.22,,,,
1674,-1.3682121,1.19,,,,
1675,-1.3682121,1.2,,,,
1676,-1.3682121,1.25,,,,
1677,-1.3682121,1.22,,,,
1678,-1.3682121,1.22,,,,
1679,-1.3682121,1.23,,,,
1680,-1.3682121,1.2,,,,
1681,-1.3682121,1.22,,,,
1682,-1.3682121,1.21,,,,
1683,-1.3682121,1.22,,,,
1684,-1.3682121,1.2,,,,
1685,-1.3682121,1.19,,,,
1686,-1.3682121,1.22,,,,
1687,-1.3682121,1.24,,,,
1688,-1.3682121,1.23,,,,
1689,-1.3682121,1.2,,,,
1690,-1.3682121,1.21,,,,
1691,-1.3682121,1.19,,,,
1692,-1.3682121,1.2,,,,
1693,-1.3682121,1.2,,,,
1694,-1.3682121,1.17,,,,
1695,-1.3682121,1.22,,,,
1696,-1.3682121,1.21,,,,
1697,-1.3682121,1.21,,,,
1698,-1.3682121,1.17,,,,
1699,-1.3682121,1.19,,,,
1700,-1.3682121,1.1800001,,,,
1701,-1.3682121,1.21,,,,
1702,-1.3682121,1.19,,,,
1703,-1.3682121,1.2,,,,
1704,-1.3682121,1.19,,,,
1705,-1.3682121,1.23,,,,
1706,-1.3682121,1.22,,,,
1707,-1.3682121,1.23,,,,
1708,-1.3682121,1.21,,,,
1709,-1.3682121,1.21,,,,
1710,-1.3682121,1.19,,,,
1711,-1.3682121,1.22,,,,
1712,-1.3682121,1.24,,,,
1713,-1.3682121,1.2,,,,
1714,-1.3682121,1.24,,,,
1715,-1.3682121,1.19,,,,
1716,-1.3682121,1.2,,,,
1717,-1.3902439,1.23,,,,
1718,-1.3682121,1.2,,,,
1719,-1.3682121,1.2,,,,
1720,-1.3682121,1.24,,,,
1721,-1.3682121,1.19,,,,
1722,-1.3682121,1.2,,,,
1723,-1.3682121,1.17,,,,
1724,-1.3682121,1.19,,,,
1725,-1.3682121,1.22,,,,
1726,-1.3682121,1.23,,,,
1727,-1.3682121,1.21,,,,
1728,-1.3682121,1.21,,,,
1729,-1.3682121,1.21,,,,
1730,-1.3682121,1.19,,,,
1731,-1.3682121,1.24,,,,
1732,-1.0991553,1.24,,,,
1733,-2.633594,1.2,,,,
1734,-1.3682121,1.21,,,,
1735,-1.1642734,1.22,,,,
1736,-1.3682121,1.24,,,,
1737,-1.3682121,1.2,,,,
1738,-3.6902928,1.2,,,,
1739,-5.461408,1.21,,,,
1740,1.6000915,1.24,,,,
1741,-2.8838382,1.21,,,,
1742,-1.3598188,1.2,,,,
1743,-3.4144168,1.23,,,,
1744,-4.148338,1.2,,,,
1745,-4.018864,1.24,,,,
1746,-4.39243,1.23,,,,
1747,-3.8889856,1.1800001,,,,
1748,-4.063119,1.2,,,,
1749,-1.370835,1.23,,,,
1750,0.36153394,1.23,,,,
1751,-4.4103365,1.2,,,,
1752,-2.6721501,1.22,,,,
1753,18.732931,1.24,,,,
1754,-2.5863829,1.22,,,,
1755,-6.164308,1.19,,,,
1756,-6.821451,1.21,,,,
1757,-6.68306,1.2,,,,
1758,0.4346161,1.23,,,,
1759,36.566143,1.1800001,,,,
1760,12.891461,1.21,,,,
1761,-3.5554304,1.22,,,,
1762,56.247417,1.22,,,,
1763,-3.5017338,1.22,,,,
1764,66.97092,1.22,,,,
1765,7.5122824,1.22,,,,
1766,-6.589091,1.22,,,,
1767,0.77432287,1.21,,,,
1768,-3.553976,1.23,,,,
1769,-3.2042308,1.22,,,,
1770,-4.120106,1.22,,,,
1771,14.068025,1.22,,,,
1772,-10.683765,1.23,,,,
1773,-9.4346695,1.22,,,,
1774,-9.477756,1.23,,,,
1775,-9.135616,1.22,,,,
1776,8.705345,1.21,,,,
1777,-8.374799,1.2,,,,
1778,16.975908,1.23,,,,
1779,2.2714934,1.23,,,,
1780,8.17274,1.2,,,,
1781,-3.2147222,1.1800001,,,,
1782,8.295728,1.23,,,,
1783,28.34401,1.16,,,,
1784,24.926102,1.2,,,,
1785,37.314575,1.26,,,,
1786,57.776623,4.59,,,,
1787,65.02075,3.4500003,,,,
1788,75.226944,5.9700003,,,,
1789,66.563614,10.02,,,,
1790,71.71607,14.41,,,,
1791,59.57072,21.480001,,,,
1792,119.87464,30.480001,,,,
1793,121.04891,43.82,,,,
1794,138.36053,46.9,,,,
1795,126.15598,46.9,,,,
1796,127.93553,51.7,,,,
1797,124.916595,60.15,,,,
1798,153.73996,55.210003,,,,
1799,157.29329,58.31,,,,
1800,127.97567,69.53,,,,
1801,138.56111,75.91,,,,
1802,239.3751,245.46,,,,
1803,351.8472,264.37,,,,
1804,366.59357,280.17,,,,
1805,381.92255,295.44,,,,
1806,415.64594,348.94,,,,
1807,429.31055,375.56,,,,
1808,452.1293,400.94,,,,
1809,502.96667,408.04,,,,
1810,506.28458,365.15997,,,,
1811,549.006,409.18,,,,
1812,550.9469,449.19998,,,,
1813,552.39685,479.51,,,,
1814,567.0283,491.89996,,,,
1815,572.61505,508.97,,,,
1816,580.40424,525.72003,,,,
1817,595.23505,543.26,,,,
1818,634.22296,559.39,,,,
1819,629.52655,574.33,,,,
1820,601.1423,591.1,,,,
1821,634.699,604.95996,,,,
1822,662.412,620.58997,,,,
1823,707.3793,635.76996,,,,
1824,693.9149,650.52,,,,
1825,721.62177,663.72,,,,
1826,708.98016,676.76,,,,
1827,744.98315,690.38995,,,,
1828,773.37866,703.01,,,,
1829,783.41693,715.45,,,,
1830,781.73834,728.36,,,,
1831,792.11475,739.34,,,,
1832,847.2575,750.76,,,,
1833,836.3074,761.68,,,,
1834,838.9393,771.54004,,,,
1835,870.9572,782.18,,,,
1836,859.8141,790.82996,,,,
1837,899.0991,798.77997,,,,
1838,863.85455,806.77997,,,,
1839,903.3497,812.74994,,,,
1840,912.7858,820.87,,,,
1841,900.10443,827.29,,,,
1842,923.80505,834.49994,,,,
1843,898.1351,840.36,,,,
1844,924.0869,845.72003,,,,
1845,920.97327,849.89,,,,
1846,912.1287,853.01,,,,
1847,967.2763,857.14,,,,
1848,889.96875,860.6,,,,
1849,895.53705,863.85004,,,,
1850,929.02454,865.17,,,,
1851,934.3134,867.26996,,,,
1852,951.60535,869.68,,,,
1853,909.1335,869.50995,,,,
1854,927.4079,870.52,,,,
1855,916.7087,869.49005,,,,
1856,913.84454,869.6,,,,
1857,961.106,867.57,,,,
1858,934.20874,864.31006,,,,
1859,937.66284,862.73004,,,,
1860,930.205,859.57,,,,
1861,933.0547,856.97,,,,
1862,890.7083,853.37,,,,
1863,914.9135,848.89996,,,,
1864,925.66223,842.03,,,,
1865,900.62213,837.25995,,,,
1866,905.8857,831.47,,,,
1867,884.6014,825.48004,,,,
1868,888.00726,816.98,,,,
1869,870.7781,809.85004,,,,
1870,874.39874,803.23,,,,
1871,854.9884,794.76996,,,,
1872,828.6575,784.72,,,,
1873,879.9057,776.36,,,,
1874,837.129,768.37,,,,
1875,841.71545,761.18,,,,
1876,827.55054,760.47003,,,,
1877,852.0151,628.0,,,,
1878,771.01434,548.6,,,,
1879,718.7367,657.59,,,,
1880,733.0853,773.46,,,,
1881,749.97345,792.57,,,,
1882,777.55646,384.78,,,,
1883,652.592,503.88998,,,,
1884,649.30096,672.98,,,,
1885,641.829,597.20996,,,,
1886,671.3094,504.93997,,,,
1887,636.5309,493.01,,,,
1888,577.0142,657.43,,,,
1889,590.7523,612.39,,,,
1890,593.96893,597.99,,,,
1891,590.2764,600.19,,,,
1892,592.32983,587.35,,,,
1893,566.358,598.94,,,,
1894,575.0415,361.26,,,,
1895,516.77673,243.41,,,,
1896,416.41467,294.52,,,,
1897,372.84015,272.94998,,,,
1898,376.45923,227.89,,,,
1899,338.22363,452.19998,,,,
1900,424.3044,436.29,,,,
1901,363.09283,436.09,,,,
1902,347.70163,415.25,,,,
1903,345.37488,242.33002,,,,
1904,348.56897,216.61,,,,
1905,269.98428,310.38998,,,,
1906,236.59341,270.97,,,,
1907,220.23619,239.09001,,,,
1908,228.68619,203.04,,,,
1909,155.67798,171.63,,,,
1910,162.03476,136.22,,,,
1911,95.36682,103.1,,,,
1912,101.03006,79.19,,,,
1913,70.816635,59.74,,,,
1914,44.41624,44.140003,,,,
1915,39.830482,32.69,,,,
1916,60.981304,19.570002,,,,
1917,35.53893,16.47,,,,
1918,46.04174,12.53,,,,
1919,41.41889,9.5,,,,
1920,47.21946,6.6400003,,,,
1921,46.64231,4.86,,,,
1922,13.25723,1.61,,,,
1923,23.053123,1.2,,,,
1924,19.420357,1.21,,,,
1925,27.089523,1.23,,,,
1926,1.0494837,1.21,,,,
1927,8.637747,1.22,,,,
1928,14.138961,1.24,,,,
1929,3.7251487,1.2,,,,
1930,-1.3682121,1.21,,,,
1931,-1.3682121,1.21,,,,
1932,-1.3682121,1.22,,,,
1933,-1.3682121,1.21,,,,
1934,-1.3682121,1.26,,,,
1935,-1.3682121,1.21,,,,
1936,-1.3682121,1.21,,,,
1937,-1.3682121,1.23,,,,
1938,-1.3682121,1.25,,,,
1939,-1.3682121,1.23,,,,
1940,-1.3682121,1.22,,,,
1941,-1.3682121,1.22,,,,
1942,-1.3682121,1.23,,,,
1943,-1.3682121,1.2,,,,
1944,-1.3682121,1.1800001,,,,
1945,-1.3682121,1.21,,,,
1946,-1.3682121,1.21,,,,
1947,-1.3682121,1.19,,,,
1948,-1.3682121,1.2,,,,
1949,-1.3682121,1.22,,,,
1950,-1.3682121,1.19,,,,
1951,-1.3682121,1.2,,,,
1952,-1.3682121,1.2,,,,
1953,-1.3682121,1.19,,,,
1954,-1.3682121,1.19,,,,
1955,-1.3682121,1.21,,,,
1956,-1.3682121,1.2,,,,
1957,-1.3682121,1.22,,,,
1958,-1.3682121,1.2,,,,
1959,-1.3682121,1.21,,,,
1960,-1.3682121,1.1800001,,,,
1961,-1.3682121,1.22,,,,
1962,-1.3682121,1.22,,,,
1963,-1.3682121,1.23,,,,
1964,-1.3682121,1.21,,,,
1965,-1.3682121,1.23,,,,
1966,-1.3682121,1.19,,,,
1967,-1.3682121,1.19,,,,
1968,-1.3682121,1.22,,,,
1969,-1.3682121,1.2,,,,
1970,-1.3682121,1.21,,,,
1971,-1.3682121,1.22,,,,
1972,-1.3682121,1.23,,,,
1973,-1.3682121,1.22,,,,
1974,-1.3682121,1.2,,,,
1975,-1.3682121,1.22,,,,
1976,-1.3682121,1.19,,,,
1977,-1.3682121,1.24,,,,
1978,-1.3682121,1.21,,,,
1979,-1.3682121,1.22,,,,
1980,-1.3682121,1.2,,,,
1981,-1.3682121,1.21,,,,
1982,-1.3682121,1.1800001,,,,
1983,-1.3682121,1.19,,,,
1984,-1.3682121,1.19,,,,
1985,-1.3682121,1.1800001,,,,
1986,-1.3682121,1.2,,,,
1987,-1.3682121,1.19,,,,
1988,-1.3682121,1.22,,,,
1989,-1.3682121,1.2,,,,
1990,-1.3682121,1.22,,,,
1991,-1.3682121,1.22,,,,
1992,-1.3682121,1.21,,,,
1993,-1.3682121,1.21,,,,
1994,-1.3682121,1.19,,,,
1995,-1.3682121,1.21,,,,
1996,-1.3682121,1.19,,,,
1997,-1.3682121,1.2,,,,
1998,-1.3682121,1.19,,,,
1999,-1.3682121,1.1800001,,,,
2000,-1.3682121,1.22,,,,
2001,-1.3682121,1.2,,,,
2002,-1.3682121,1.2,,,,
2003,-1.3682121,1.2,,,,
2004,-1.3682121,1.21,,,,
2005,-1.3682121,1.22,,,,
2006,-1.3682121,1.22,,,,
2007,-1.3682121,1.23,,,,
2008,-1.3682121,1.21,,,,
2009,-1.3682121,1.2,,,,
2010,-1.3682121,1.19,,,,
2011,-1.3682121,1.16,,,,
2012,-1.3682121,1.2,,,,
2013,-1.3682121,1.22,,,,
2014,-1.3364278,1.21,,,,
2015,-0.95845115,1.17,,,,
2016,-1.3682121,1.16,,,,
2017,-1.3682121,1.17,,,,
2018,-1.2452003,1.19,,,,
2019,-1.1585747,1.2,,,,
2020,-4.016027,1.21,,,,
2021,-1.0898799,1.21,,,,
2022,-3.876491,1.22,,,,
2023,-5.0759683,1.19,,,,
2024,-3.7298026,1.19,,,,
2025,-1.4130627,1.2,,,,
2026,-1.3682121,1.23,,,,
2027,-1.3682121,1.21,,,,
2028,-1.7464985,1.21,,,,
2029,-1.3682121,1.19,,,,
2030,-1.3682121,1.22,,,,
2031,-1.3682121,1.2,,,,
2032,-1.3682121,1.21,,,,
2033,-1.3682121,1.22,,,,
2034,-1.60434,1.21,,,,
2035,-2.3203545,1.19,,,,
2036,-2.6770144,1.2,,,,
2037,-3.4771266,1.2,,,,
2038,-3.4824915,1.22,,,,
2039,-2.555481,1.22,,,,
2040,1.9575384,1.21,,,,
2041,0.9663632,1.22,,,,
2042,-5.126041,1.1800001,,,,
2043,1.31494,1.21,,,,
2044,7.621035,1.19,,,,
2045,15.577379,1.19,,,,
2046,-9.479854,1.21,,,,
2047,-8.950634,1.1800001,,,,
2048,-9.484551,1.19,,,,
2049,-12.9103985,1.19,,,,
2050,-8.348499,1.21,,,,
2051,-9.864769,1.2,,,,
2052,-12.169109,1.19,,,,
2053,-15.15334,1.21,,,,
2054,-12.778684,1.2,,,,
2055,-5.6116977,1.23,,,,
2056,-21.553406,1.16,,,,
2057,-16.969902,1.21,,,,
2058,-12.200155,1.2,,,,
2059,-9.076197,1.19,,,,
2060,-8.843193,1.21,,,,
2061,-15.670924,1.1800001,,,,
2062,-13.652641,1.21,,,,
2063,-12.722436,1.17,,,,
2064,-14.138012,1.21,,,,
2065,-12.553953,1.16,,,,
2066,-5.055701,1.1800001,,,,
2067,-5.2451663,1.2,,,,
2068,-4.720143,1.19,,,,
2069,-3.7715058,1.19,,,,
2070,-5.1394653,1.2,,,,
2071,-2.4838533,1.24,,,,
2072,-8.064874,1.17,,,,
2073,-7.3425403,1.2,,,,
2074,-2.814571,1.8800001,,,,
2075,10.842181,3.04,,,,
2076,49.462986,4.96,,,,
2077,34.653156,7.47,,,,
2078,49.54911,9.86,,,,
2079,13.380575,17.900002,,,,
2080,54.816555,20.24,,,,
2081,12.610078,23.7,,,,
2082,45.916557,28.770002,,,,
2083,149.83011,39.54,,,,
2084,139.94888,38.58,,,,
2085,175.31273,42.02,,,,
2086,222.50691,51.46,,,,
2087,217.22243,49.510002,,,,
2088,200.96034,74.78,,,,
2089,152.89973,72.060005,,,,
2090,183.01602,83.9,,,,
2091,227.08315,177.78,,,,
2092,269.9779,166.02,,,,
2093,273.2628,238.6,,,,
2094,310.97815,297.68,,,,
2095,325.52374,354.0,,,,
2096,388.31125,253.41,,,,
2097,371.75085,257.53,,,,
2098,373.74158,180.73,,,,
2099,348.19238,242.69,,,,
2100,389.4773,196.12001,,,,
2101,377.55557,254.03,,,,
2102,365.58847,617.89,,,,
2103,506.29642,414.05997,,,,
2104,489.18027,322.96997,,,,
2105,464.12747,293.96,,,,
2106,420.33148,201.64,,,,
2107,362.00366,276.53,,,,
2108,397.08926,309.46,,,,
2109,396.92615,545.2,,,,
2110,530.2261,552.31,,,,
2111,567.6068,545.3,,,,
2112,603.09076,364.53,,,,
2113,495.59442,553.69,,,,
2114,495.35745,550.95996,,,,
2115,610.6223,383.52,,,,
2116,513.51624,526.68,,,,
2117,611.20087,512.76,,,,
2118,619.6167,599.33,,,,
2119,646.099,641.69,,,,
2120,693.7614,454.15997,,,,
2121,649.26575,852.62006,,,,
2122,755.1737,708.04,,,,
2123,750.02686,876.37,,,,
2124,807.3419,280.56,,,,
2125,688.0184,450.87997,,,,
2126,683.128,242.21,,,,
2127,585.1022,651.16003,,,,
2128,679.75867,544.38995,,,,
2129,688.8052,879.92,,,,
2130,759.4723,638.58,,,,
2131,744.7871,636.19,,,,
2132,741.6721,809.52,,,,
2133,783.079,597.6,,,,
2134,763.3634,873.64996,,,,
2135,814.89154,422.33002,,,,
2136,746.78925,575.39,,,,
2137,661.9347,626.45,,,,
2138,747.88556,626.94,,,,
2139,732.0516,637.62,,,,
2140,741.98724,958.83,,,,
2141,809.5229,1050.63,,,,
2142,884.89874,965.93994,,,,
2143,876.4427,525.89,,,,
2144,809.1018,1045.66,,,,
2145,892.14496,482.24002,,,,
2146,790.7773,621.32,,,,
2147,806.3918,604.99,,,,
2148,774.63367,593.25,,,,
2149,746.459,466.04,,,,
2150,710.1145,1157.27,,,,
2151,831.6748,750.05,,,,
2152,841.3338,585.42,,,,
2153,811.8811,1079.18,,,,
2154,880.5742,470.88998,,,,
2155,776.86365,358.91998,,,,
2156,683.2818,472.19,,,,
2157,682.89777,610.04004,,,,
2158,710.5724,433.53,,,,
2159,698.33435,501.49997,,,,
2160,661.06757,401.46,,,,
2161,644.7568,579.66003,,,,
2162,638.49603,318.03,,,,
2163,595.53876,653.32,,,,
2164,649.7972,313.71,,,,
2165,543.39453,477.93997,,,,
2166,557.4782,293.75998,,,,
2167,354.0463,416.83,,,,
2168,360.24072,379.59998,,,,
2169,535.2727,628.36,,,,
2170,553.10065,657.27997,,,,
2171,550.38293,387.78998,,,,
2172,539.18994,736.56,,,,
2173,654.1483,397.05002,,,,
2174,506.52542,369.06998,,,,
2175,538.4905,368.24,,,,
2176,467.2828,266.4,,,,
2177,390.46744,194.64,,,,
2178,340.08105,230.32,,,,
2179,356.76785,248.81,,,,
2180,318.65903,363.51,,,,
2181,304.80164,287.87997,,,,
2182,274.4598,141.25,,,,
2183,238.14247,267.59998,,,,
2184,283.24017,267.59,,,,
2185,238.23817,277.99,,,,
2186,307.15793,406.29,,,,
2187,316.44174,338.88998,,,,
2188,331.9819,243.14,,,,
2189,241.24014,267.15,,,,
2190,230.87465,248.71,,,,
2191,185.99307,203.63,,,,
2192,217.24977,169.86,,,,
2193,197.43942,142.14,,,,
2194,190.13054,115.380005,,,,
2195,140.85641,84.23,,,,
2196,83.481804,87.21,,,,
2197,65.17469,90.520004,,,,
2198,37.701935,90.33,,,,
2199,43.62062,66.71,,,,
2200,55.968487,46.08,,,,
2201,19.967531,43.77,,,,
2202,62.7451,31.29,,,,
2203,65.29861,25.26,,,,
2204,37.30605,16.54,,,,
2205,57.13953,11.059999,,,,
2206,32.211113,7.94,,,,
2207,15.563407,5.7300005,,,,
2208,15.960125,3.73,,,,
2209,22.596199,2.6100001,,,,
2210,18.559252,1.61,,,,
2211,14.03388,1.21,,,,
2212,20.259,1.2,,,,
2213,17.478994,1.21,,,,
2214,16.914248,1.21,,,,
2215,6.388105,1.19,,,,
2216,-1.3682121,1.2,,,,
2217,-1.3682121,1.21,,,,
2218,-1.3682121,1.23,,,,
2219,-1.3682121,1.17,,,,
2220,-1.3682121,1.19,,,,
2221,-1.3682121,1.19,,,,
2222,-1.3682121,1.19,,,,
2223,-1.3682121,1.1800001,,,,
2224,-1.3682121,1.19,,,,
2225,-1.3682121,1.2,,,,
2226,-1.3682121,1.22,,,,
2227,-1.3682121,1.2,,,,
2228,-1.3682121,1.1800001,,,,
2229,-1.3682121,1.1800001,,,,
2230,-1.3682121,1.2,,,,
2231,-1.3682121,1.19,,,,
2232,-1.3682121,1.2,,,,
2233,-1.3682121,1.16,,,,
2234,-1.3682121,1.2,,,,
2235,-1.3682121,1.2,,,,
2236,-1.3682121,1.19,,,,
2237,-1.3682121,1.19,,,,
2238,-1.3682121,1.1800001,,,,
2239,-1.3682121,1.19,,,,
2240,-1.3682121,1.22,,,,
2241,-1.3682121,1.23,,,,
2242,-1.3682121,1.19,,,,
2243,-1.3682121,1.17,,,,
2244,-1.3682121,1.19,,,,
2245,-1.3682121,1.19,,,,
2246,-1.3682121,1.1800001,,,,
2247,-1.3682121,1.19,,,,
2248,-1.3682121,1.16,,,,
2249,-1.3682121,1.2,,,,
2250,-1.3682121,1.19,,,,
2251,-1.3682121,1.19,,,,
2252,-1.3682121,1.22,,,,
2253,-1.3682121,1.16,,,,
2254,-1.3682121,1.16,,,,
2255,-1.3682121,1.21,,,,
2256,-1.3682121,1.19,,,,
2257,-1.3682121,1.17,,,,
2258,-1.3682121,1.21,,,,
2259,-1.3682121,1.1800001,,,,
2260,-1.3682121,1.1800001,,,,
2261,-1.3682121,1.2,,,,
2262,-1.3682121,1.22,,,,
2263,-1.4354523,1.2,,,,
2264,-1.3682121,1.2,,,,
2265,-1.3682121,1.2,,,,
2266,-1.3682121,1.14,,,,
2267,-1.3682121,1.23,,,,
2268,-1.3682121,1.1800001,,,,
2269,-1.3682121,1.22,,,,
2270,-1.3682121,1.16,,,,
2271,-1.3682121,1.19,,,,
2272,-1.3682121,1.21,,,,
2273,-1.3682121,1.1800001,,,,
2274,-1.3682121,1.1800001,,,,
2275,-1.3682121,1.1800001,,,,
2276,-1.3682121,1.19,,,,
2277,-1.3682121,1.1800001,,,,
2278,-1.3682121,1.17,,,,
2279,-1.3682121,1.1800001,,,,
2280,-1.3682121,1.1800001,,,,
2281,-1.3682121,1.2,,,,
2282,-1.3682121,1.2,,,,
2283,-1.3682121,1.21,,,,
2284,-1.3682121,1.21,,,,
2285,-1.3682121,1.16,,,,
2286,-1.3682121,1.16,,,,
2287,-1.3682121,1.17,,,,
2288,-1.3682121,1.19,,,,
2289,-1.3682121,1.17,,,,
2290,-1.0392827,1.2,,,,
2291,-1.1709737,1.17,,,,
2292,-1.3682121,1.22,,,,
2293,-1.2048799,1.19,,,,
2294,-1.5365275,1.2,,,,
2295,-4.5989194,1.19,,,,
2296,-6.7565956,1.19,,,,
2297,-1.3682121,1.15,,,,
2298,-0.9156035,1.1800001,,,,
2299,-5.819928,1.13,,,,
2300,-1.4204544,1.17,,,,
2301,-7.9414325,1.17,,,,
2302,-7.503488,1.2,,,,
2303,-8.310205,1.2,,,,
2304,-7.926291,1.19,,,,
2305,-4.4299603,1.1800001,,,,
2306,-8.037715,1.2,,,,
2307,-7.8893094,1.19,,,,
2308,-8.922665,1.1800001,,,,
2309,-9.1896715,1.19,,,,
2310,-8.792644,1.2,,,,
2311,-8.124532,1.21,,,,
2312,-2.9674354,1.21,,,,
2313,-4.147527,1.2,,,,
2314,-5.77863,1.15,,,,
2315,-8.718321,1.11,,,,
2316,-2.642774,1.19,,,,
2317,-1.4328057,1.15,,,,
2318,-1.7067267,1.17,,,,
2319,-1.7975963,1.1800001,,,,
2320,-0.5325719,1.21,,,,
2321,-7.623853,1.1800001,,,,
2322,0.7753482,1.22,,,,
2323,-0.64232624,1.19,,,,
2324,-1.4669265,1.16,,,,
2325,13.367366,1.19,,,,
2326,27.065178,1.17,,,,
2327,24.678432,1.1800001,,,,
2328,11.885384,1.1800001,,,,
2329,19.190262,1.17,,,,
2330,34.166893,1.19,,,,
2331,25.300262,1.1800001,,,,
2332,29.46988,1.2,,,,
2333,14.195042,1.1800001,,,,
2334,31.24426,1.15,,,,
2335,46.0714,1.15,,,,
2336,61.42595,1.15,,,,
2337,73.2933,1.1800001,,,,
2338,53.166546,1.1800001,,,,
2339,65.31083,1.21,,,,
2340,55.797203,1.19,,,,
2341,51.007797,1.19,,,,
2342,55.95268,1.19,,,,
2343,34.89112,1.1800001,,,,
2344,51.402176,1.17,,,,
2345,50.880444,1.22,,,,
2346,56.326412,1.19,,,,
2347,76.6226,1.2,,,,
2348,23.090607,1.2,,,,
2349,-0.8475524,1.19,,,,
2350,-27.850607,1.21,,,,
2351,-8.22253,1.19,,,,
2352,-9.733912,1.1800001,,,,
2353,-12.851695,1.22,,,,
2354,-11.111052,1.19,,,,
2355,-5.020006,1.15,,,,
2356,-3.4033527,1.19,,,,
2357,-3.4565253,1.17,,,,
2358,-3.2490578,1.2,,,,
2359,5.3137856,1.22,,,,
2360,4.540402,1.23,,,,
2361,16.749676,1.2,,,,
2362,31.309904,4.09,,,,
2363,59.944157,3.52,,,,
2364,60.779427,3.6599998,,,,
2365,80.78629,5.5200005,,,,
2366,59.766853,8.57,,,,
2367,62.057327,12.98,,,,
2368,53.818596,15.499999,,,,
2369,30.840199,21.880001,,,,
2370,77.9868,27.86,,,,
2371,123.26415,30.68,,,,
2372,104.31831,39.47,,,,
2373,121.28473,42.440002,,,,
2374,130.43079,68.69,,,,
2375,167.53537,88.46,,,,
2376,151.59291,79.24,,,,
2377,199.66797,117.75,,,,
2378,206.29701,119.71,,,,
2379,229.63022,121.810005,,,,
2380,244.27008,144.98,,,,
2381,249.37018,141.48,,,,
2382,238.5035,115.47,,,,
2383,219.77655,156.65001,,,,
2384,262.3398,216.78,,,,
2385,292.61807,158.24,,,,
2386,261.4511,204.42,,,,
2387,316.79626,260.59998,,,,
2388,343.0863,443.4,,,,
2389,462.13806,409.91998,,,,
2390,478.63144,356.05997,,,,
2391,450.6225,347.43,,,,
2392,478.82715,380.03998,,,,
2393,445.82513,307.74,,,,
2394,539.6058,333.3,,,,
2395,519.47504,395.43,,,,
2396,550.84644,541.78,,,,
2397,587.8218,345.24,,,,
2398,604.34705,577.1,,,,
2399,618.1503,382.21,,,,
2400,573.0199,349.75,,,,
2401,552.37036,439.55,,,,
2402,576.5093,463.43,,,,
2403,577.7231,336.66,,,,
2404,456.37604,287.1,,,,
2405,440.87338,284.78998,,,,
2406,355.99664,278.02,,,,
2407,263.64966,221.77002,,,,
2408,246.27365,430.6,,,,
2409,276.26978,508.97,,,,
2410,304.29425,473.65,,,,
2411,454.12677,638.36,,,,
2412,601.04614,457.4,,,,
2413,456.8555,482.05,,,,
2414,533.5639,496.58,,,,
2415,373.1934,393.38,,,,
2416,284.09695,363.05,,,,
2417,381.87793,386.18,,,,
2418,402.15677,426.44998,,,,
2419,421.27658,535.45996,,,,
2420,475.2381,504.80997,,,,
2421,557.0285,554.59,,,,
2422,324.86746,469.94,,,,
2423,424.25494,367.19998,,,,
2424,495.42642,508.27,,,,
2425,611.4503,696.3,,,,
2426,746.16974,398.16,,,,
2427,655.9213,448.84998,,,,
2428,654.57684,498.50998,,,,
2429,389.67297,446.56,,,,
2430,464.76764,506.53,,,,
2431,595.09076,450.87997,,,,
2432,669.7663,417.73,,,,
2433,526.412,431.66998,,,,
2434,557.6733,510.71,,,,
2435,620.4236,598.76,,,,
2436,632.02075,495.37,,,,
2437,673.62537,513.93,,,,
2438,595.3915,428.82,,,,
2439,640.0892,311.55,,,,
2440,505.9326,337.28998,,,,
2441,273.93674,389.87997,,,,
2442,385.33963,261.13,,,,
2443,292.69135,433.43002,,,,
2444,467.87537,360.44998,,,,
2445,343.9657,397.0,,,,
2446,467.5054,389.06,,,,
2447,381.15268,279.13,,,,
2448,250.99963,321.91,,,,
2449,360.21628,244.82,,,,
2450,318.52652,279.06,,,,
2451,364.07797,284.63,,,,
2452,313.86014,332.68,,,,
2453,387.31467,377.95,,,,
2454,357.7252,330.24,,,,
2455,339.04175,248.29001,,,,
2456,277.89972,282.28998,,,,
2457,305.70908,330.02997,,,,
2458,392.13852,280.08,,,,
2459,335.33755,277.06,,,,
2460,360.65378,293.18,,,,
2461,410.6178,252.02002,,,,
2462,330.67178,241.55,,,,
2463,297.83926,257.05,,,,
2464,307.97113,311.18,,,,
2465,358.2736,292.01,,,,
2466,343.64398,198.5,,,,
2467,276.36014,249.49,,,,
2468,275.32227,182.81,,,,
2469,246.64717,208.75,,,,
2470,255.23343,218.88002,,,,
2471,214.59265,183.06,,,,
2472,234.50056,127.28001,,,,
2473,168.33951,155.5,,,,
2474,149.9295,131.91,,,,
2475,152.96115,104.86,,,,
2476,133.82562,105.299995,,,,
2477,119.007065,93.88,,,,
2478,71.20243,98.19,,,,
2479,63.67912,93.17,,,,
2480,72.03226,89.24,,,,
2481,57.335495,96.05,,,,
2482,49.011665,78.79,,,,
2483,65.65862,65.07,,,,
2484,42.727432,61.440002,,,,
2485,42.06271,53.980003,,,,
2486,53.829815,44.47,,,,
2487,42.08457,34.45,,,,
2488,46.240788,26.86,,,,
2489,48.279842,21.470001,,,,
2490,34.639637,16.490002,,,,
2491,23.01228,12.38,,,,
2492,22.252367,9.21,,,,
2493,10.486618,5.5600004,,,,
2494,19.475151,2.45,,,,
2495,24.11831,1.72,,,,
2496,25.970901,1.2,,,,
2497,20.242668,1.2,,,,
2498,8.048774,1.25,,,,
2499,-1.3682121,1.22,,,,
2500,-1.3682121,1.23,,,,
2501,-1.3682121,1.23,,,,
2502,-1.3682121,1.24,,,,
2503,-1.3682121,1.22,,,,
2504,-1.3682121,1.24,,,,
2505,-1.3682121,1.21,,,,
2506,-1.3682121,1.2,,,,
2507,-1.3682121,1.2,,,,
2508,-1.3682121,1.2,,,,
2509,-1.3682121,1.21,,,,
2510,-1.3682121,1.17,,,,
2511,-1.3682121,1.2,,,,
2512,-1.3682121,1.19,,,,
2513,-1.3682121,1.22,,,,
2514,-1.3682121,1.24,,,,
2515,-1.3682121,1.2,,,,
2516,-1.3682121,1.22,,,,
2517,-1.3682121,1.21,,,,
2518,-1.3682121,1.23,,,,
2519,-1.3682121,1.23,,,,
2520,-1.3682121,1.22,,,,
2521,-1.3682121,1.23,,,,
2522,-1.3682121,1.19,,,,
2523,-1.3682121,1.2,,,,
2524,-1.3682121,1.2,,,,
2525,-1.3682121,1.19,,,,
2526,-1.3682121,1.19,,,,
2527,-1.3682121,1.19,,,,
2528,-1.3682121,1.21,,,,
2529,-1.3682121,1.23,,,,
2530,-1.3682121,1.22,,,,
2531,-1.3682121,1.21,,,,
2532,-1.3682121,1.21,,,,
2533,-1.3682121,1.2,,,,
2534,-1.3682121,1.22,,,,
2535,-1.3682121,1.23,,,,
2536,-1.3682121,1.21,,,,
2537,-1.3682121,1.2,,,,
2538,-1.3682121,1.19,,,,
2539,-1.3682121,1.2,,,,
2540,-1.3682121,1.21,,,,
2541,-1.3682121,1.21,,,,
2542,-1.3682121,1.1800001,,,,
2543,-1.3682121,1.2,,,,
2544,-1.3682121,1.22,,,,
2545,-1.3682121,1.22,,,,
2546,-1.3682121,1.22,,,,
2547,-1.5504285,1.21,,,,
2548,-1.3682121,1.2,,,,
2549,-1.3682121,1.22,,,,
2550,-1.3682121,1.1800001,,,,
2551,-1.3682121,1.21,,,,
2552,-1.3682121,1.21,,,,
2553,-1.3682121,1.21,,,,
2554,-1.4409364,1.22,,,,
2555,-1.3682121,1.21,,,,
2556,-1.3682121,1.2,,,,
2557,-1.3682121,1.2,,,,
2558,-1.3682121,1.21,,,,
2559,-1.3682121,1.2,,,,
2560,-1.3682121,1.24,,,,
2561,-1.3682121,1.19,,,,
2562,-1.4419857,1.22,,,,
2563,-1.6289471,1.23,,,,
2564,-1.3682121,1.16,,,,
2565,-1.6348366,1.23,,,,
2566,-1.3682121,1.2,,,,
2567,-1.3682121,1.2,,,,
2568,-1.3682121,1.22,,,,
2569,-1.6822864,1.24,,,,
2570,-1.8896109,1.22,,,,
2571,-1.6117555,1.22,,,,
2572,-1.3682121,1.2,,,,
2573,-1.905348,1.21,,,,
2574,-0.94397795,1.21,,,,
2575,-1.3526894,1.22,,,,
2576,-2.4223118,1.23,,,,
2577,-3.1514401,1.16,,,,
2578,-7.1669526,1.19,,,,
2579,-4.469184,1.22,,,,
2580,-5.410358,1.21,,,,
2581,-4.464129,1.23,,,,
2582,-4.779634,1.22,,,,
2583,-5.134458,1.16,,,,
2584,-2.716548,1.2,,,,
2585,-5.4120984,1.22,,,,
2586,-6.2118297,1.22,,,,
2587,-6.876817,1.1800001,,,,
2588,-7.2741075,1.21,,,,
2589,-6.332099,1.2,,,,
2590,-8.335385,1.21,,,,
2591,-8.052165,1.22,,,,
2592,-7.5916867,1.21,,,,
2593,-8.120454,1.23,,,,
2594,-9.126937,1.23,,,,
2595,-8.259489,1.2,,,,
2596,-9.779431,1.21,,,,
2597,-9.4780655,1.22,,,,
2598,-8.18655,1.23,,,,
2599,-8.755733,1.17,,,,
2600,-7.4520564,1.26,,,,
2601,-8.968255,1.23,,,,
2602,-9.135616,1.19,,,,
2603,-8.268693,1.24,,,,
2604,-9.380757,1.24,,,,
2605,-8.8821535,1.23,,,,
2606,-7.807882,1.15,,,,
2607,-7.829413,1.2,,,,
2608,-4.9037423,1.23,,,,
2609,-5.410978,1.22,,,,
2610,-2.6530032,1.22,,,,
2611,-0.062080264,1.17,,,,
2612,-6.054077,1.23,,,,
2613,-4.927825,1.22,,,,
2614,13.829154,1.24,,,,
2615,20.32412,1.23,,,,
2616,35.72441,1.21,,,,
2617,42.61793,1.1800001,,,,
2618,50.490093,1.17,,,,
2619,58.76143,1.2,,,,
2620,47.979618,1.2,,,,
2621,37.75899,1.2,,,,
2622,50.879776,1.22,,,,
2623,52.103752,1.19,,,,
2624,53.576233,1.21,,,,
2625,64.652626,1.19,,,,
2626,40.296253,1.2,,,,
2627,41.709053,1.19,,,,
2628,33.90276,1.21,,,,
2629,39.307262,1.17,,,,
2630,58.45359,1.2,,,,
2631,74.87639,1.1800001,,,,
2632,99.2821,1.19,,,,
2633,89.70322,1.2,,,,
2634,93.9249,1.22,,,,
2635,40.551277,1.1800001,,,,
2636,32.40492,1.21,,,,
2637,22.793533,1.22,,,,
2638,-6.9108434,1.22,,,,
2639,-3.3454118,1.1800001,,,,
2640,-5.072702,1.21,,,,
2641,-8.495665,1.2,,,,
2642,-8.625949,1.19,,,,
2643,-8.909026,1.2,,,,
2644,-8.27041,1.19,,,,
2645,-9.967871,1.19,,,,
2646,-6.125705,1.19,,,,
2647,0.41101044,1.1800001,,,,
2648,-2.3000393,1.2,,,,
2649,49.301228,1.1800001,,,,
2650,140.638,1.35,,,,
2651,163.9017,1.8800001,,,,
2652,134.17514,2.98,,,,
2653,137.82835,5.8500004,,,,
2654,82.974915,7.2400002,,,,
2655,66.61789,10.96,,,,
2656,59.644295,15.72,,,,
2657,110.49883,19.060001,,,,
2658,104.984055,25.740002,,,,
2659,99.78891,34.65,,,,
2660,124.12279,38.49,,,,
2661,130.84395,45.160004,,,,
2662,143.86531,47.730003,,,,
2663,127.41307,58.53,,,,
2664,139.68431,70.46001,,,,
2665,144.89491,68.04,,,,
2666,179.24524,74.85,,,,
2667,180.2939,84.65,,,,
2668,203.06705,101.36,,,,
2669,204.39987,106.340004,,,,
2670,217.28185,99.44,,,,
2671,224.42632,100.130005,,,,
2672,258.17255,121.65,,,,
2673,320.29837,156.54,,,,
2674,336.07028,172.39,,,,
2675,345.1082,175.1,,,,
2676,350.06494,172.14,,,,
2677,342.0521,200.7,,,,
2678,389.74985,216.69,,,,
2679,417.5807,261.69998,,,,
2680,512.31256,263.28998,,,,
2681,595.1077,264.27,,,,
2682,649.4221,271.84998,,,,
2683,699.00745,278.58,,,,
2684,727.96655,278.13,,,,
2685,751.8155,300.88998,,,,
2686,802.0409,315.15,,,,
2687,778.3618,303.27997,,,,
2688,823.40234,300.25,,,,
2689,730.49567,330.65997,,,,
2690,699.79407,370.33002,,,,
2691,754.3885,372.21997,,,,
2692,635.5146,338.46,,,,
2693,588.3756,321.68997,,,,
2694,547.436,355.18,,,,
2695,562.7467,316.62,,,,
2696,536.0719,347.59,,,,
2697,532.4135,298.35,,,,
2698,500.2447,362.46,,,,
2699,524.8135,347.96,,,,
2700,517.5023,334.31998,,,,
2701,547.2578,323.83997,,,,
2702,510.4835,326.84,,,,
2703,582.859,323.33,,,,
2704,508.22177,335.0,,,,
2705,474.0778,329.33,,,,
2706,506.38016,325.34998,,,,
2707,454.06708,317.38,,,,
2708,551.7411,313.99,,,,
2709,551.668,317.91998,,,,
2710,645.4901,342.86,,,,
2711,596.1175,352.16,,,,
2712,423.1966,380.00998,,,,
2713,456.1204,361.77,,,,
2714,505.9123,350.44998,,,,
2715,527.4554,365.03,,,,
2716,510.57748,378.09998,,,,
2717,428.33707,376.16,,,,
2718,452.45526,344.56,,,,
2719,506.72485,344.07,,,,
2720,457.49475,313.86996,,,,
2721,328.56427,320.15997,,,,
2722,418.61386,336.41,,,,
2723,507.34827,382.06,,,,
2724,444.66602,427.74,,,,
2725,509.31726,407.03998,,,,
2726,611.67377,397.78998,,,,
2727,613.0433,439.43,,,,
2728,560.325,404.99997,,,,
2729,578.6048,320.75,,,,
2730,563.4435,386.49,,,,
2731,599.0588,303.47998,,,,
2732,520.40546,382.86002,,,,
2733,554.1265,321.86,,,,
2734,555.6559,392.38,,,,
2735,618.1643,301.3,,,,
2736,519.4667,301.35,,,,
2737,452.04837,315.93,,,,
2738,424.11542,225.81001,,,,
2739,420.93704,166.26,,,,
2740,372.9206,157.83,,,,
2741,211.98102,187.33,,,,
2742,437.19928,97.21,,,,
2743,300.82635,167.49,,,,
2744,244.58046,113.99,,,,
2745,110.118996,92.92,,,,
2746,332.00235,97.200005,,,,
2747,191.24622,121.19,,,,
2748,167.15047,107.26001,,,,
2749,200.26503,90.35,,,,
2750,320.51398,149.98,,,,
2751,278.49988,75.46001,,,,
2752,218.5457,48.2,,,,
2753,111.199196,73.72,,,,
2754,191.5931,42.97,,,,
2755,182.63385,66.36,,,,
2756,201.71812,61.640003,,,,
2757,137.9982,88.630005,,,,
2758,204.23492,62.690002,,,,
2759,159.27821,26.36,,,,
2760,150.98756,40.730003,,,,
2761,142.01988,53.840004,,,,
2762,88.134254,38.350002,,,,
2763,63.94994,32.44,,,,
2764,42.45393,66.590004,,,,
2765,45.27632,31.83,,,,
2766,-4.9305434,37.420002,,,,
2767,25.550459,33.49,,,,
2768,31.732422,25.430002,,,,
2769,14.176015,32.27,,,,
2770,-6.429669,27.200003,,,,
2771,-9.552745,26.420002,,,,
2772,-10.909188,21.2,,,,
2773,-5.077256,8.48,,,,
2774,5.3958807,13.190001,,,,
2775,-10.587531,22.92,,,,
2776,-11.217134,13.8,,,,
2777,-4.1268783,8.8,,,,
2778,-3.3840156,5.76,,,,
2779,-3.4446511,2.7800002,,,,
2780,-6.2010045,1.63,,,,
2781,22.103174,1.22,,,,
2782,-2.249299,1.23,,,,
2783,-3.6189036,1.27,,,,
2784,-2.742681,1.25,,,,
2785,-4.4459357,1.21,,,,
2786,-5.073727,1.23,,,,
2787,-1.9316956,1.1800001,,,,
2788,-3.43075,1.23,,,,
2789,-6.7906685,1.2,,,,
2790,-5.461146,1.25,,,,
2791,-2.810398,1.23,,,,
2792,-1.7932092,1.1800001,,,,
2793,-3.5136795,1.2,,,,
2794,-2.465541,1.22,,,,
2795,-1.3682121,1.2,,,,
2796,-1.3682121,1.23,,,,
2797,-2.2750745,1.2,,,,
2798,-2.1022286,1.22,,,,
2799,-2.8044133,1.17,,,,
2800,-5.6709023,1.2,,,,
2801,-6.229617,1.19,,,,
2802,-4.4209476,1.22,,,,
2803,-4.7237673,1.22,,,,
2804,-4.527793,1.21,,,,
2805,-5.8969207,1.22,,,,
2806,-6.6121955,1.22,,,,
2807,-4.3478413,1.23,,,,
2808,-4.043972,1.22,,,,
2809,-5.147858,1.21,,,,
2810,-4.720119,1.21,,,,
2811,-2.3322763,1.2,,,,
2812,-3.415752,1.22,,,,
2813,-2.7491903,1.21,,,,
2814,-4.0104713,1.2,,,,
2815,-2.7813797,1.22,,,,
2816,-2.733358,1.21,,,,
2817,-2.1420484,1.2,,,,
2818,-1.8514603,1.24,,,,
2819,-4.2048244,1.1800001,,,,
2820,-3.3398561,1.23,,,,
2821,-1.3682121,1.23,,,,
2822,-1.3682121,1.23,,,,
2823,-2.9346972,1.21,,,,
2824,-3.5314913,1.1800001,,,,
2825,-2.154304,1.24,,,,
2826,-1.3682121,1.19,,,,
2827,-3.0002685,1.24,,,,
2828,-4.1829834,1.21,,,,
2829,-4.2699904,1.2,,,,
2830,-4.30981,1.2,,,,
2831,-4.2691083,1.21,,,,
2832,-2.4076953,1.19,,,,
2833,-1.9024867,1.24,,,,
2834,-1.3682121,1.22,,,,
2835,-3.9762788,1.22,,,,
2836,-3.3754554,1.19,,,,
2837,-1.3682121,1.21,,,,
2838,-2.9785466,1.21,,,,
2839,-3.8918228,1.2,,,,
2840,-3.9365544,1.2,,,,
2841,-1.3682121,1.21,,,,
2842,-1.3682121,1.21,,,,
2843,-2.6918454,1.2,,,,
2844,-2.8530788,1.23,,,,
2845,-2.1866126,1.21,,,,
2846,-6.826506,1.23,,,,
2847,-7.7304835,1.22,,,,
2848,-10.1802025,1.22,,,,
2849,-7.2353845,1.22,,,,
2850,-7.8775067,1.22,,,,
2851,-7.4371057,1.21,,,,
2852,-1.0434078,1.2,,,,
2853,-1.6769453,1.21,,,,
2854,-6.015807,1.23,,,,
2855,-7.3650966,1.22,,,,
2856,-7.625403,1.22,,,,
2857,-2.7571545,1.23,,,,
2858,-7.173533,1.23,,,,
2859,-9.369193,1.21,,,,
2860,-8.248974,1.19,,,,
2861,-6.73578,1.2,,,,
2862,-5.642385,1.22,,,,
2863,-7.9203305,1.23,,,,
2864,-8.235121,1.19,,,,
2865,-8.06547,1.22,,,,
2866,-7.7090955,1.22,,,,
2867,-9.070808,1.23,,,,
2868,-3.5947733,1.21,,,,
2869,-4.602997,1.24,,,,
2870,-7.739163,1.22,,,,
2871,3.2014847,1.21,,,,
2872,2.0194376,1.19,,,,
2873,11.740746,1.23,,,,
2874,14.767301,1.22,,,,
2875,20.538263,1.23,,,,
2876,43.709156,1.22,,,,
2877,46.935238,1.21,,,,
2878,63.78022,1.21,,,,
2879,30.693605,1.21,,,,
2880,27.947481,1.23,,,,
2881,12.623406,1.23,,,,
2882,16.528616,1.16,,,,
2883,10.613897,1.22,,,,
2884,51.067574,1.23,,,,
2885,42.572735,1.21,,,,
2886,145.5102,1.21,,,,
2887,61.869816,1.24,,,,
2888,58.073753,1.2,,,,
2889,60.17784,1.21,,,,
2890,-9.498548,1.23,,,,
2891,-1.562899,1.23,,,,
2892,-7.550842,1.22,,,,
2893,-11.970226,1.21,,,,
2894,-4.138228,1.21,,,,
2895,-11.938919,1.2,,,,
2896,8.1557865,1.17,,,,
2897,47.342197,1.19,,,,
2898,82.50726,1.2,,,,
2899,65.89762,1.2,,,,
2900,111.494225,1.2,,,,
2901,124.02759,1.21,,,,
2902,133.52223,1.21,,,,
2903,133.60779,1.16,,,,
2904,82.31645,1.2,,,,
2905,154.35132,1.22,,,,
2906,131.36581,1.19,,,,
2907,91.44533,1.19,,,,
2908,86.387985,1.2,,,,
2909,96.06816,1.21,,,,
2910,74.59978,1.19,,,,
2911,110.76999,1.1800001,,,,
2912,104.966194,1.23,,,,
2913,88.726814,1.21,,,,
2914,69.41779,1.21,,,,
2915,76.69731,1.21,,,,
2916,80.21137,1.24,,,,
2917,114.16454,1.25,,,,
2918,113.131935,1.22,,,,
2919,156.89104,1.23,,,,
2920,36.691326,1.15,,,,
2921,22.12907,1.22,,,,
2922,3.2085662,1.2,,,,
2923,26.027483,1.19,,,,
2924,5.1509542,1.19,,,,
2925,0.77313066,1.21,,,,
2926,-3.1240673,1.22,,,,
2927,-2.9761858,1.21,,,,
2928,-1.4833313,1.1800001,,,,
2929,-3.9270167,1.21,,,,
2930,-4.915736,1.2,,,,
2931,24.216787,1.21,,,,
2932,89.303986,1.19,,,,
2933,133.88243,1.2,,,,
2934,165.57549,1.21,,,,
2935,239.33128,1.6600001,,,,
2936,256.2373,2.93,,,,
2937,294.93625,3.5500002,,,,
2938,151.77237,5.94,,,,
2939,232.95227,9.839999,,,,
2940,273.65848,18.320002,,,,
2941,314.27765,21.28,,,,
2942,337.3161,28.980001,,,,
2943,243.18315,25.240002,,,,
2944,217.25175,30.12,,,,
2945,220.54301,32.09,,,,
2946,203.6064,52.870003,,,,
2947,201.04137,39.510002,,,,
2948,157.71567,39.3,,,,
2949,160.79892,44.300003,,,,
2950,154.26846,111.12001,,,,
2951,197.53586,116.14,,,,
2952,223.08241,163.52,,,,
2953,227.53227,224.35002,,,,
2954,272.30746,123.67,,,,
2955,257.0461,181.73,,,,
2956,288.57495,218.23,,,,
2957,311.8171,252.41,,,,
2958,359.30188,132.99,,,,
2959,324.54343,311.71997,,,,
2960,416.02264,195.6,,,,
2961,381.46796,466.49,,,,
2962,488.25558,271.4,,,,
2963,430.78943,481.71997,,,,
2964,547.26984,562.05,,,,
2965,609.6834,300.77,,,,
2966,569.6833,502.69,,,,
2967,621.6195,621.48,,,,
2968,689.19586,626.78,,,,
2969,723.46936,425.13998,,,,
2970,750.39044,411.52002,,,,
2971,777.9308,377.6,,,,
2972,864.8392,413.89,,,,
2973,784.09937,368.6,,,,
2974,646.73267,708.54004,,,,
2975,703.48676,455.93002,,,,
2976,683.5922,340.05,,,,
2977,608.8698,443.81998,,,,
2978,660.9272,299.46,,,,
2979,539.62256,614.07,,,,
2980,730.16583,402.16998,,,,
2981,679.83307,473.09,,,,
2982,688.86865,258.96,,,,
2983,592.53516,372.75,,,,
2984,583.91516,423.31998,,,,
2985,536.08276,540.70996,,,,
2986,651.32764,763.69,,,,
2987,787.55896,333.65997,,,,
2988,610.7401,392.46997,,,,
2989,733.0283,349.40997,,,,
2990,624.3746,600.11,,,,
2991,769.04535,365.6,,,,
2992,672.71295,1026.34,,,,
2993,831.7287,363.66998,,,,
2994,752.1759,615.75,,,,
2995,768.0539,744.91,,,,
2996,800.35004,493.27002,,,,
2997,744.1588,364.1,,,,
2998,644.41705,378.41,,,,
2999,572.5323,521.11,,,,
3000,627.88824,595.61,,,,
3001,751.05524,575.39996,,,,
3002,736.90936,542.66,,,,
3003,738.2747,461.31,,,,
3004,668.69806,722.33,,,,
3005,765.0796,819.68,,,,
3006,781.14514,532.51,,,,
3007,756.32184,242.34999,,,,
3008,616.9472,386.77,,,,
3009,666.97687,827.39996,,,,
3010,737.24603,422.03998,,,,
3011,707.5161,228.76001,,,,
3012,616.10254,229.02,,,,
3013,607.039,239.91,,,,
3014,535.77655,256.52002,,,,
3015,528.1088,199.27,,,,
3016,473.94232,247.32,,,,
3017,365.6819,204.89,,,,
3018,395.80423,279.41998,,,,
3019,375.39786,234.85,,,,
3020,338.891,239.03001,,,,
3021,439.64493,448.57,,,,
3022,331.11447,216.06,,,,
3023,301.67172,339.47,,,,
3024,434.339,325.06998,,,,
3025,411.4814,920.08997,,,,
3026,627.85626,230.91,,,,
3027,436.94562,261.18,,,,
3028,444.24216,356.91998,,,,
3029,446.75348,692.0,,,,
3030,530.74915,637.19,,,,
3031,585.0402,305.02,,,,
3032,470.5978,350.54,,,,
3033,468.63214,280.55,,,,
3034,441.8918,586.51,,,,
3035,482.98947,165.61,,,,
3036,397.56555,246.79999,,,,
3037,387.12698,378.47998,,,,
3038,404.5199,778.69,,,,
3039,538.2384,215.98,,,,
3040,423.43274,257.19998,,,,
3041,371.839,479.12997,,,,
3042,395.50397,392.78,,,,
3043,403.9236,594.77997,,,,
3044,498.78232,485.05,,,,
3045,506.68774,552.33,,,,
3046,546.23486,167.44,,,,
3047,425.1986,105.17,,,,
3048,367.91797,82.4,,,,
3049,338.30142,65.770004,,,,
3050,305.3417,89.46001,,,,
3051,319.6337,84.62,,,,
3052,267.8692,76.3,,,,
3053,250.29013,66.41,,,,
3054,253.111,134.44,,,,
3055,208.96373,110.18,,,,
3056,179.11269,137.37001,,,,
3057,168.74393,65.73,,,,
3058,165.47482,107.35999,,,,
3059,177.94025,47.14,,,,
3060,154.76094,49.940002,,,,
3061,124.54206,32.989998,,,,
3062,105.663895,26.11,,,,
3063,109.77532,18.980001,,,,
3064,122.40987,15.96,,,,
3065,97.979996,11.98,,,,
3066,49.782997,9.33,,,,
3067,52.95557,8.49,,,,
3068,-3.460865,5.84,,,,
3069,-3.9812384,3.1999998,,,,
3070,-1.814788,1.38,,,,
3071,-4.3860874,1.24,,,,
3072,-3.0823398,1.22,,,,
3073,-4.8554106,1.22,,,,
3074,14.207775,1.22,,,,
3075,6.553511,1.22,,,,
3076,-5.8550024,1.22,,,,
3077,-3.7343807,1.16,,,,
3078,-1.3682121,1.2,,,,
3079,-3.9087286,1.24,,,,
3080,-1.8805262,1.19,,,,
3081,-1.9490541,1.24,,,,
3082,-6.71916,1.26,,,,
3083,-1.7895132,1.23,,,,
3084,-0.85270274,1.1800001,,,,
3085,-5.531939,1.22,,,,
3086,-1.5566043,1.25,,,,
3087,-2.4873586,1.23,,,,
3088,-2.0078297,1.2,,,,
3089,-1.2406222,1.22,,,,
3090,-7.0453954,1.22,,,,
3091,-4.3333917,1.2,,,,
3092,-1.3682121,1.21,,,,
3093,-1.3682121,1.22,,,,
3094,-0.92161214,1.21,,,,
3095,-4.7673783,1.22,,,,
3096,-6.017047,1.24,,,,
3097,-3.796113,1.23,,,,
3098,-1.3682121,1.2,,,,
3099,-1.3357126,1.23,,,,
3100,-5.118292,1.23,,,,
3101,-8.394756,1.2,,,,
3102,-6.977058,1.1800001,,,,
3103,-2.5394816,1.23,,,,
3104,-0.95725906,1.21,,,,
3105,-2.7725577,1.23,,,,
3106,-7.1785407,1.23,,,,
3107,-9.245895,1.21,,,,
3108,-6.558356,1.22,,,,
3109,-1.3482069,1.25,,,,
3110,-1.6159045,1.22,,,,
3111,-1.7315959,1.21,,,,
3112,-6.643956,1.23,,,,
3113,-8.841356,1.2,,,,
3114,-4.7382646,1.22,,,,
3115,-7.3968806,1.25,,,,
3116,-8.696456,1.24,,,,
3117,-7.7505603,1.22,,,,
3118,-7.4778314,1.2,,,,
3119,-5.372732,1.21,,,,
3120,-1.3682121,1.2,,,,
3121,-8.527091,1.1800001,,,,
3122,-9.371959,1.21,,,,
3123,-6.860198,1.23,,,,
3124,-5.6214023,1.2,,,,
3125,-8.558876,1.2,,,,
3126,-6.1287565,1.2,,,,
3127,-6.24235,1.22,,,,
3128,-6.534273,1.22,,,,
3129,-3.0759497,1.2,,,,
3130,-7.318768,1.22,,,,
3131,-9.201236,1.2,,,,
3132,-9.329302,1.1800001,,,,
3133,-1.3682121,1.22,,,,
3134,-1.3682121,1.19,,,,
3135,-1.0495118,1.2,,,,
3136,-2.588028,1.22,,,,
3137,-1.0318195,1.21,,,,
3138,-1.3682121,1.21,,,,
3139,-1.3682121,1.19,,,,
3140,-0.93811214,1.21,,,,
